<?xml version="1.0" encoding="UTF-8"?>
<metadata>
  <groupId>org.iff</groupId>
  <artifactId>tc-util-project</artifactId>
  <versioning>
    <release>1.0.19</release>
    <versions>
      <version>1.0.2</version>
      <version>1.0.3</version>
      <version>1.0.4</version>
      <version>1.0.5</version>
      <version>1.0.6</version>
      <version>1.0.7</version>
      <version>1.0.8</version>
      <version>1.0.9</version>
      <version>1.0.10</version>
      <version>1.0.11</version>
      <version>1.0.12</version>
      <version>1.0.13</version>
      <version>1.0.14</version>
      <version>1.0.15</version>
      <version>1.0.19</version>
    </versions>
    <lastUpdated>20171025092833</lastUpdated>
  </versioning>
</metadata>
