<?xml version="1.0" encoding="UTF-8"?>
<beans xmlns="http://www.springframework.org/schema/beans"
	xmlns:xsi="http://www.w3.org/2001/XMLSchema-instance" xmlns:aop="http://www.springframework.org/schema/aop"
	xmlns:tx="http://www.springframework.org/schema/tx" xmlns:context="http://www.springframework.org/schema/context"
	xsi:schemaLocation="
		http://www.springframework.org/schema/beans http://www.springframework.org/schema/beans/spring-beans-3.2.xsd
        http://www.springframework.org/schema/aop http://www.springframework.org/schema/aop/spring-aop-3.2.xsd
        http://www.springframework.org/schema/tx http://www.springframework.org/schema/tx/spring-tx-3.2.xsd
		http://www.springframework.org/schema/context http://www.springframework.org/schema/context/spring-context-3.2.xsd">

	<aop:aspectj-autoproxy />
	<context:property-placeholder location="classpath:META-INF/config/*.properties"
		file-encoding="UTF-8" ignore-unresolvable="true" order="-1000" />
	<context:annotation-config />
	<context:component-scan
		base-package="com.foreveross.qdp,com.foreveross.common,com.foreveross.extension">
		<context:exclude-filter type="annotation"
			expression="org.springframework.stereotype.Controller" />
		<context:exclude-filter type="annotation"
			expression="org.springframework.boot.autoconfigure.SpringBootApplication" />
		<context:exclude-filter type="regex"
			expression="com.foreveross.common.config.*" />
		<!-- 关闭 activiti 工作流 -->
		<context:exclude-filter type="regex"
			expression="com.foreveross.extension.activiti.*" />
		<!-- type="regex", expression="com\.Default*" , 过滤掉com下的且类名以Default开头的类 -->
		<!-- type="assignable" expression="com.MovieFinder" 过滤掉com下的类名为MovieFinder的类 -->
	</context:component-scan>
	<tx:annotation-driven />

	<import resource="classpath:META-INF/spring-tcutil/tc-util.xml" />
	<import resource="classpath:META-INF/spring-cache/root.xml" />
	<import resource="classpath:META-INF/spring-app/root.xml" />
	<import resource="classpath:META-INF/spring-auth/root.xml" />
	<!-- <import resource="classpath:META-INF/spring-openreport/root.xml" /> -->
	<import resource="classpath:META-INF/spring-tcutil/spring-quartz.xml" />
	<!-- <import resource="classpath:META-INF/spring-workflow/root.xml" /> -->
	<!-- ${workflow.root.xml.import} -->
	<!-- <import resource="classpath:META-INF/spring-rpc-provider/root.xml" /><import resource="classpath:META-INF/spring-rpc-consumer/root.xml" /> -->
	<!-- ${rpc.root.xml.import} -->
	<!-- ${edas.root.xml.import} -->
</beans>