<?xml version="1.0" encoding="UTF-8"?>
<beans xmlns="http://www.springframework.org/schema/beans"
	xmlns:xsi="http://www.w3.org/2001/XMLSchema-instance" xmlns:context="http://www.springframework.org/schema/context"
	xmlns:tx="http://www.springframework.org/schema/tx" xmlns:security="http://www.springframework.org/schema/security"
	xmlns:p="http://www.springframework.org/schema/p"
	xsi:schemaLocation="http://www.springframework.org/schema/security http://www.springframework.org/schema/security/spring-security-3.2.xsd
		http://www.springframework.org/schema/beans http://www.springframework.org/schema/beans/spring-beans-3.2.xsd
		http://www.springframework.org/schema/tx http://www.springframework.org/schema/tx/spring-tx-3.2.xsd
		http://www.springframework.org/schema/context http://www.springframework.org/schema/context/spring-context-3.2.xsd">
	<description>
	<![CDATA[
		Spring RPC HttpInvoker
	]]>
	</description>
	<bean id="authAccountApplication"
		class="org.springframework.remoting.httpinvoker.HttpInvokerProxyFactoryBean">
		<property name="serviceUrl" value="{${rpc.url}}/authAccountApplication" />
		<property name="serviceInterface"
			value="com.foreveross.system.application.auth.AuthAccountApplication" />
		<property name="httpInvokerRequestExecutor" ref="httpInvokerRequestExecutor" />
	</bean>
	<bean id="authAutherRoleApplication"
		class="org.springframework.remoting.httpinvoker.HttpInvokerProxyFactoryBean">
		<property name="serviceUrl" value="{${rpc.url}}/authAutherRoleApplication" />
		<property name="serviceInterface"
			value="com.foreveross.system.application.auth.AuthAutherRoleApplication" />
		<property name="httpInvokerRequestExecutor" ref="httpInvokerRequestExecutor" />
	</bean>
	<bean id="authDataFilterConfApplication"
		class="org.springframework.remoting.httpinvoker.HttpInvokerProxyFactoryBean">
		<property name="serviceUrl" value="{${rpc.url}}/authDataFilterConfApplication" />
		<property name="serviceInterface"
			value="com.foreveross.system.application.auth.AuthDataFilterConfApplication" />
		<property name="httpInvokerRequestExecutor" ref="httpInvokerRequestExecutor" />
	</bean>
	<bean id="authMenuApplication"
		class="org.springframework.remoting.httpinvoker.HttpInvokerProxyFactoryBean">
		<property name="serviceUrl" value="{${rpc.url}}/authMenuApplication" />
		<property name="serviceInterface"
			value="com.foreveross.system.application.auth.AuthMenuApplication" />
		<property name="httpInvokerRequestExecutor" ref="httpInvokerRequestExecutor" />
	</bean>
	<bean id="authOrganizationApplication"
		class="org.springframework.remoting.httpinvoker.HttpInvokerProxyFactoryBean">
		<property name="serviceUrl" value="{${rpc.url}}/authOrganizationApplication" />
		<property name="serviceInterface"
			value="com.foreveross.system.application.auth.AuthOrganizationApplication" />
		<property name="httpInvokerRequestExecutor" ref="httpInvokerRequestExecutor" />
	</bean>
	<bean id="authOrganizationMenuApplication"
		class="org.springframework.remoting.httpinvoker.HttpInvokerProxyFactoryBean">
		<property name="serviceUrl" value="{${rpc.url}}/authOrganizationMenuApplication" />
		<property name="serviceInterface"
			value="com.foreveross.system.application.auth.AuthOrganizationMenuApplication" />
		<property name="httpInvokerRequestExecutor" ref="httpInvokerRequestExecutor" />
	</bean>
	<bean id="authOrganizationUserApplication"
		class="org.springframework.remoting.httpinvoker.HttpInvokerProxyFactoryBean">
		<property name="serviceUrl" value="{${rpc.url}}/authOrganizationUserApplication" />
		<property name="serviceInterface"
			value="com.foreveross.system.application.auth.AuthOrganizationUserApplication" />
		<property name="httpInvokerRequestExecutor" ref="httpInvokerRequestExecutor" />
	</bean>
	<bean id="authResourceApplication"
		class="org.springframework.remoting.httpinvoker.HttpInvokerProxyFactoryBean">
		<property name="serviceUrl" value="{${rpc.url}}/authResourceApplication" />
		<property name="serviceInterface"
			value="com.foreveross.system.application.auth.AuthResourceApplication" />
		<property name="httpInvokerRequestExecutor" ref="httpInvokerRequestExecutor" />
	</bean>
	<bean id="authRoleApplication"
		class="org.springframework.remoting.httpinvoker.HttpInvokerProxyFactoryBean">
		<property name="serviceUrl" value="{${rpc.url}}/authRoleApplication" />
		<property name="serviceInterface"
			value="com.foreveross.system.application.auth.AuthRoleApplication" />
		<property name="httpInvokerRequestExecutor" ref="httpInvokerRequestExecutor" />
	</bean>
	<bean id="authRoleDataconfApplication"
		class="org.springframework.remoting.httpinvoker.HttpInvokerProxyFactoryBean">
		<property name="serviceUrl" value="{${rpc.url}}/authRoleDataconfApplication" />
		<property name="serviceInterface"
			value="com.foreveross.system.application.auth.AuthRoleDataconfApplication" />
		<property name="httpInvokerRequestExecutor" ref="httpInvokerRequestExecutor" />
	</bean>
	<bean id="authRoleResourceApplication"
		class="org.springframework.remoting.httpinvoker.HttpInvokerProxyFactoryBean">
		<property name="serviceUrl" value="{${rpc.url}}/authRoleResourceApplication" />
		<property name="serviceInterface"
			value="com.foreveross.system.application.auth.AuthRoleResourceApplication" />
		<property name="httpInvokerRequestExecutor" ref="httpInvokerRequestExecutor" />
	</bean>
	<bean id="authUserApplication"
		class="org.springframework.remoting.httpinvoker.HttpInvokerProxyFactoryBean">
		<property name="serviceUrl" value="{${rpc.url}}/authUserApplication" />
		<property name="serviceInterface"
			value="com.foreveross.system.application.auth.AuthUserApplication" />
		<property name="httpInvokerRequestExecutor" ref="httpInvokerRequestExecutor" />
	</bean>
	<bean id="imageCaptchaApplication"
		class="org.springframework.remoting.httpinvoker.HttpInvokerProxyFactoryBean">
		<property name="serviceUrl" value="{${rpc.url}}/imageCaptchaApplication" />
		<property name="serviceInterface"
			value="com.foreveross.system.application.auth.ImageCaptchaApplication" />
		<property name="httpInvokerRequestExecutor" ref="httpInvokerRequestExecutor" />
	</bean>
</beans>