<?xml version="1.0" encoding="UTF-8"?>
<beans xmlns="http://www.springframework.org/schema/beans"
	xmlns:xsi="http://www.w3.org/2001/XMLSchema-instance" xmlns:context="http://www.springframework.org/schema/context"
	xmlns:tx="http://www.springframework.org/schema/tx" xmlns:security="http://www.springframework.org/schema/security"
	xmlns:p="http://www.springframework.org/schema/p"
	xsi:schemaLocation="http://www.springframework.org/schema/security http://www.springframework.org/schema/security/spring-security-3.2.xsd
		http://www.springframework.org/schema/beans http://www.springframework.org/schema/beans/spring-beans-3.2.xsd
		http://www.springframework.org/schema/tx http://www.springframework.org/schema/tx/spring-tx-3.2.xsd
		http://www.springframework.org/schema/context http://www.springframework.org/schema/context/spring-context-3.2.xsd">
	<description>
	<![CDATA[
		Spring RPC HttpInvoker
	]]>
	</description>
	<bean id="sysDictionaryApplication"
		class="org.springframework.remoting.httpinvoker.HttpInvokerProxyFactoryBean">
		<property name="serviceUrl" value="{${rpc.url}}/sysDictionaryApplication" />
		<property name="serviceInterface"
			value="com.foreveross.system.application.core.SysDictionaryApplication" />
		<property name="httpInvokerRequestExecutor" ref="httpInvokerRequestExecutor" />
	</bean>
	<bean id="sysExTableApplication"
		class="org.springframework.remoting.httpinvoker.HttpInvokerProxyFactoryBean">
		<property name="serviceUrl" value="{${rpc.url}}/sysExTableApplication" />
		<property name="serviceInterface"
			value="com.foreveross.system.application.core.SysExTableApplication" />
		<property name="httpInvokerRequestExecutor" ref="httpInvokerRequestExecutor" />
	</bean>
	<bean id="sysI18nApplication"
		class="org.springframework.remoting.httpinvoker.HttpInvokerProxyFactoryBean">
		<property name="serviceUrl" value="{${rpc.url}}/sysI18nApplication" />
		<property name="serviceInterface"
			value="com.foreveross.system.application.core.SysI18nApplication" />
		<property name="httpInvokerRequestExecutor" ref="httpInvokerRequestExecutor" />
	</bean>
	<bean id="sysOpenreportApplication"
		class="org.springframework.remoting.httpinvoker.HttpInvokerProxyFactoryBean">
		<property name="serviceUrl" value="{${rpc.url}}/sysOpenreportApplication" />
		<property name="serviceInterface"
			value="com.foreveross.system.application.core.SysOpenreportApplication" />
		<property name="httpInvokerRequestExecutor" ref="httpInvokerRequestExecutor" />
	</bean>
</beans>