<beans xmlns="http://www.springframework.org/schema/beans"
	xmlns:xsi="http://www.w3.org/2001/XMLSchema-instance" xmlns:http="http://cxf.apache.org/transports/http/configuration"
	xmlns:util="http://www.springframework.org/schema/util" xmlns:jaxrs="http://cxf.apache.org/jaxrs"
	xmlns:cxf="http://cxf.apache.org/core"
	xsi:schemaLocation="
	http://www.springframework.org/schema/beans 
	http://www.springframework.org/schema/beans/spring-beans.xsd 
	http://cxf.apache.org/transports/http/configuration 
	http://cxf.apache.org/schemas/configuration/http-conf.xsd
	http://www.springframework.org/schema/util 
	http://www.springframework.org/schema/util/spring-util.xsd http://cxf.apache.org/jaxrs
	http://cxf.apache.org/schemas/jaxrs.xsd
	http://cxf.apache.org/core
	http://cxf.apache.org/schemas/core.xsd"
	default-autowire="byName">
	<jaxrs:server id="sysExDataApplicationRs" address="/sysexdata">
		<jaxrs:serviceBeans>
			<ref bean="sysExDataRsApplication" />
		</jaxrs:serviceBeans>
		<!-- JSON PROVIDER -->
		<jaxrs:providers>
			<ref bean="jsonProvider" />
		</jaxrs:providers>
	</jaxrs:server>
</beans>

