<?xml version="1.0" encoding="UTF-8"?>
<configuration>
	<conversionRule conversionWord="traceid"
		converterClass="org.iff.infra.util.log.TraceIdConvert" />
	<!-- from spring boot -->
	<!-- base.xml -->
	<!-- defaults.xml -->
	<conversionRule conversionWord="clr"
		converterClass="org.springframework.boot.logging.logback.ColorConverter" />
	<conversionRule conversionWord="wex"
		converterClass="org.springframework.boot.logging.logback.WhitespaceThrowableProxyConverter" />
	<conversionRule conversionWord="wEx"
		converterClass="org.springframework.boot.logging.logback.ExtendedWhitespaceThrowableProxyConverter" />
	<property name="CONSOLE_LOG_PATTERN"
		value="${CONSOLE_LOG_PATTERN:-%clr(%traceid) %clr(%d{yyyy-MM-dd HH:mm:ss.SSS}){faint} %clr(${LOG_LEVEL_PATTERN:-%5p}) %clr(${PID:- }){magenta} %clr(---){faint} %clr([%15.15t]){faint} %clr(%-40.40logger{39}){cyan} %clr(:){faint} %m%n${LOG_EXCEPTION_CONVERSION_WORD:-%wEx}}" />
	<property name="FILE_LOG_PATTERN"
		value="${FILE_LOG_PATTERN:-%traceid %d{yyyy-MM-dd HH:mm:ss.SSS} ${LOG_LEVEL_PATTERN:-%5p} ${PID:- } --- [%t] %-40.40logger{39} : %m%n${LOG_EXCEPTION_CONVERSION_WORD:-%wEx}}" />

	<appender name="DEBUG_LEVEL_REMAPPER"
		class="org.springframework.boot.logging.logback.LevelRemappingAppender">
		<destinationLogger>org.springframework.boot</destinationLogger>
	</appender>

	<logger name="org.apache.catalina.startup.DigesterFactory"
		level="ERROR" />
	<logger name="org.apache.catalina.util.LifecycleBase" level="ERROR" />
	<logger name="org.apache.coyote.http11.Http11NioProtocol" level="WARN" />
	<logger name="org.apache.sshd.common.util.SecurityUtils" level="WARN" />
	<logger name="org.apache.tomcat.util.net.NioSelectorPool" level="WARN" />
	<logger name="org.crsh.plugin" level="WARN" />
	<logger name="org.crsh.ssh" level="WARN" />
	<logger name="org.eclipse.jetty.util.component.AbstractLifeCycle"
		level="ERROR" />
	<logger name="org.hibernate.validator.internal.util.Version"
		level="WARN" />
	<logger
		name="org.springframework.boot.actuate.autoconfigure.CrshAutoConfiguration"
		level="WARN" />
	<logger name="org.springframework.boot.actuate.endpoint.jmx"
		additivity="false">
		<appender-ref ref="DEBUG_LEVEL_REMAPPER" />
	</logger>
	<logger name="org.thymeleaf" additivity="false">
		<appender-ref ref="DEBUG_LEVEL_REMAPPER" />
	</logger>
	<!-- defaults.xml end -->
	<property name="LOG_FILE"
		value="${LOG_FILE:-${LOG_PATH:-${LOG_TEMP:-${java.io.tmpdir:-/tmp}}}/spring.log}" />
	<!-- console-appender.xml -->
	<appender name="CONSOLE" class="ch.qos.logback.core.ConsoleAppender">
		<encoder>
			<pattern>${CONSOLE_LOG_PATTERN}</pattern>
			<charset>utf8</charset>
		</encoder>
	</appender>
	<!-- console-appender.xml end -->
	<!-- file-appender.xml -->
	<appender name="FILE"
		class="ch.qos.logback.core.rolling.RollingFileAppender">
		<encoder>
			<pattern>${FILE_LOG_PATTERN}</pattern>
		</encoder>
		<file>${LOG_FILE}</file>
		<rollingPolicy class="ch.qos.logback.core.rolling.FixedWindowRollingPolicy">
			<fileNamePattern>${LOG_FILE}.%i</fileNamePattern>
		</rollingPolicy>
		<triggeringPolicy
			class="ch.qos.logback.core.rolling.SizeBasedTriggeringPolicy">
			<MaxFileSize>10MB</MaxFileSize>
		</triggeringPolicy>
	</appender>
	<!-- file-appender.xml end -->
	<root level="INFO">
		<appender-ref ref="CONSOLE" />
		<appender-ref ref="FILE" />
	</root>
	<!-- base.xml end -->
	<!-- from spring boot end -->
	<logger name="SystemAuth" level="DEBUG" additivity="false">
		<appender-ref ref="CONSOLE" />
		<appender-ref ref="FILE" />
	</logger>
	<logger name="FOSS" level="DEBUG" additivity="false">
		<appender-ref ref="CONSOLE" />
		<appender-ref ref="FILE" />
	</logger>
	<logger name="TRACE" level="DEBUG" additivity="false">
		<appender-ref ref="CONSOLE" />
		<appender-ref ref="FILE" />
	</logger>
</configuration>