<?xml version="1.0" encoding="UTF-8"?>
<configuration>
	<include resource="org/springframework/boot/logging/logback/base.xml" />
	<logger name="SystemAuth" level="DEBUG" additivity="false">
		<appender-ref ref="CONSOLE" />
		<appender-ref ref="FILE" />
	</logger>
	<logger name="FOSS" level="DEBUG" additivity="false">
		<appender-ref ref="CONSOLE" />
		<appender-ref ref="FILE" />
	</logger>
	<logger name="TRACE" level="DEBUG" additivity="false">
		<appender-ref ref="CONSOLE" />
		<appender-ref ref="FILE" />
	</logger>
</configuration>