<?xml version="1.0" encoding="UTF-8"?>
<beans xmlns="http://www.springframework.org/schema/beans"
	xmlns:xsi="http://www.w3.org/2001/XMLSchema-instance" xmlns:context="http://www.springframework.org/schema/context"
	xmlns:tx="http://www.springframework.org/schema/tx" xmlns:security="http://www.springframework.org/schema/security"
	xmlns:p="http://www.springframework.org/schema/p" xmlns:hsf="http://www.taobao.com/hsf"
	xsi:schemaLocation="http://www.springframework.org/schema/security
		http://www.springframework.org/schema/security/spring-security-3.2.xsd
		http://www.springframework.org/schema/beans
		http://www.springframework.org/schema/beans/spring-beans-3.2.xsd
		http://www.springframework.org/schema/tx
		http://www.springframework.org/schema/tx/spring-tx-3.2.xsd
		http://www.springframework.org/schema/context
		http://www.springframework.org/schema/context/spring-context-3.2.xsd
		http://www.taobao.com/hsf
		http://www.taobao.com/hsf/hsf.xsd">
	<description>
	<![CDATA[
		EDAS
	]]>
	</description>
	<hsf:provider id="authAccountApplicationEDAS"
		   interface="com.foreveross.qdp.application.system.auth.rs.AuthAccountApplication"
		         ref="authAccountApplication"
		       group="system" />
	<hsf:provider id="authOrganizationApplicationEDAS"
		   interface="com.foreveross.qdp.application.system.auth.rs.AuthOrganizationApplication"
		         ref="authOrganizationApplication"
		       group="system" />
	<hsf:provider id="authResourceApplicationEDAS"
		   interface="com.foreveross.qdp.application.system.auth.rs.AuthResourceApplication"
		         ref="authResourceApplication"
		       group="system" />
	<hsf:provider id="authUserApplicationEDAS"
		   interface="com.foreveross.qdp.application.system.auth.rs.AuthUserApplication"
		         ref="authUserApplication"
		       group="system" />
	<hsf:provider id="authRoleApplicationEDAS"
		   interface="com.foreveross.qdp.application.system.auth.rs.AuthRoleApplication"
		         ref="authRoleApplication"
		       group="system" />
	<hsf:provider id="authMenuApplicationEDAS"
		   interface="com.foreveross.qdp.application.system.auth.rs.AuthMenuApplication"
		         ref="authMenuApplication"
		       group="system" />
	<hsf:provider id="sysDictionaryApplicationEDAS"
		   interface="com.foreveross.qdp.application.system.common.rs.SysDictionaryApplication"
		         ref="sysDictionaryApplication"
		       group="system" />
	<hsf:provider id="sysOpenreportApplicationEDAS"
		   interface="com.foreveross.qdp.application.system.common.rs.SysOpenreportApplication"
		         ref="sysOpenreportApplication"
		       group="system" />
	<hsf:provider id="sysI18nApplicationEDAS"
		   interface="com.foreveross.qdp.application.system.common.rs.SysI18nApplication"
		         ref="sysI18nApplication"
		       group="system" />
	<hsf:provider id="sysExTableApplicationEDAS"
		   interface="com.foreveross.qdp.application.system.common.rs.SysExTableApplication"
		         ref="sysExTableApplication"
		       group="system" />
	<hsf:provider id="sysExDataApplicationEDAS"
		   interface="com.foreveross.qdp.application.system.common.rs.SysExDataApplication"
		         ref="sysExDataApplication"
		       group="system" />
	<hsf:provider id="sysQueryApplicationEDAS"
		   interface="com.foreveross.qdp.application.system.common.rs.SysQueryApplication"
		         ref="sysQueryApplication"
		       group="system" />
	<hsf:provider id="sysScriptApplicationEDAS"
		   interface="com.foreveross.qdp.application.system.common.rs.SysScriptApplication"
		         ref="sysScriptApplication"
		       group="system" />
	<hsf:provider id="logAccessApplicationEDAS"
		   interface="com.foreveross.qdp.application.system.log.rs.LogAccessApplication"
		         ref="logAccessApplication"
		       group="system" />
	<hsf:provider id="logOperationApplicationEDAS"
		   interface="com.foreveross.qdp.application.system.log.rs.LogOperationApplication"
		         ref="logOperationApplication"
		       group="system" />

</beans>

