<?xml version="1.0" encoding="UTF-8"?>
<!DOCTYPE mapper PUBLIC "-//mybatis.org//DTD Mapper 3.0//EN" "http://mybatis.org/dtd/mybatis-3-mapper.dtd">
<mapper namespace="AuthOrganization">
	<resultMap id="AuthOrganization" type="com.foreveross.qdp.domain.system.auth.AuthOrganization">
        <id     property="id"            column="ID"/>                          
        <result property="name"          column="NAME"/>                        
        <result property="parentId"      column="PARENT_ID"/>                   
        <result property="rootId"        column="ROOT_ID"/>                     
        <result property="code"          column="CODE"/>                        
        <result property="isUseRootMenu" column="IS_USE_ROOT_MENU"/>            
        <result property="type1"         column="TYPE1"/>                       
        <result property="type2"         column="TYPE2"/>                       
        <result property="description"   column="DESCRIPTION"/>                 
        <result property="updateTime"    column="UPDATE_TIME"/>                 
        <result property="createTime"    column="CREATE_TIME"/>                 

	</resultMap>
	<sql id="orderBy">
		<if test="page !=null and page.orderBy!=null">
			<bind name="fieldColMap" value="#{
           'ID'               : 'ID'              ,
           'NAME'             : 'NAME'            ,
           'PARENTID'         : 'PARENT_ID'       ,
           'PARENT_ID'        : 'PARENT_ID'       ,
           'ROOTID'           : 'ROOT_ID'         ,
           'ROOT_ID'          : 'ROOT_ID'         ,
           'CODE'             : 'CODE'            ,
           'ISUSEROOTMENU'    : 'IS_USE_ROOT_MENU',
           'IS_USE_ROOT_MENU' : 'IS_USE_ROOT_MENU',
           'TYPE1'            : 'TYPE1'           ,
           'TYPE2'            : 'TYPE2'           ,
           'DESCRIPTION'      : 'DESCRIPTION'     ,
           'UPDATETIME'       : 'UPDATE_TIME'     ,
           'UPDATE_TIME'      : 'UPDATE_TIME'     ,
           'CREATETIME'       : 'CREATE_TIME'     ,
           'CREATE_TIME'      : 'CREATE_TIME'     

			}"/>
			<bind name="orderMap" value="#{'ASC':'ASC', 'DESC':'DESC'}"/>
			<trim prefix="order by " suffixOverrides=",">
				<foreach item="item" index="index" collection="page.orderBy" separator=",">
					<if test="item != null and item.name !=null and (fieldColMap[item.name.toUpperCase()] != null or orderMap[item.order.toUpperCase()]!=null)">${aliasDot}${fieldColMap[item.name.toUpperCase()]} ${orderMap[item.order.toUpperCase()]}</if>
				</foreach>
			</trim>
		</if>
	</sql>
	<select id="getAuthOrganizationById" parameterType="com.foreveross.qdp.domain.system.auth.AuthOrganization" resultMap="AuthOrganization">
		SELECT * 
		FROM AUTH_ORGANIZATION
		<where>
				AND ID = #{id,jdbcType=VARCHAR}
		</where>
	</select>
	<select id="getAuthOrganizationMapById" parameterType="com.foreveross.qdp.domain.system.auth.AuthOrganization" resultType="hashmap">
		SELECT 
           AuthOrganization.ID                AS  id                               ,
           AuthOrganization.NAME              AS  name                             ,
           AuthOrganization.PARENT_ID         AS  parentId                         ,
           AuthOrganization.ROOT_ID           AS  rootId                           ,
           AuthOrganization.CODE              AS  code                             ,
           AuthOrganization.IS_USE_ROOT_MENU  AS  isUseRootMenu                    ,
           AuthOrganization.TYPE1             AS  type1                            ,
           AuthOrganization.TYPE2             AS  type2                            ,
           AuthOrganization.DESCRIPTION       AS  description                      ,
           AuthOrganization.UPDATE_TIME       AS  updateTime                       ,
           AuthOrganization.CREATE_TIME       AS  createTime                       ,
           parentIdAuthOrganization.NAME      AS  parentIdName                     ,
           rootIdAuthOrganization.NAME        AS  rootIdName                       

		FROM AUTH_ORGANIZATION AuthOrganization
		LEFT JOIN AUTH_ORGANIZATION parentIdAuthOrganization ON AuthOrganization.PARENT_ID = parentIdAuthOrganization.ID                                                       
		LEFT JOIN AUTH_ORGANIZATION rootIdAuthOrganization   ON AuthOrganization.ROOT_ID   = rootIdAuthOrganization.ID                                                         

		<where>
				AND authOrganization.ID = #{id,jdbcType=VARCHAR}
		</where>
	</select>
	<select id="pageFindAuthOrganization" resultMap="AuthOrganization">
		SELECT *
		FROM AUTH_ORGANIZATION
		<where>
           <if test="vo!=null and vo.id != null and vo.id != ''                       "> AND ID = #{vo.id,jdbcType=VARCHAR} </if>                                  
           <if test="vo!=null and vo.name != null and vo.name != ''                   "> AND NAME LIKE CONCAT('%',#{vo.name,jdbcType=VARCHAR},'%') </if>           
           <if test="vo!=null and vo.parentId != null and vo.parentId != ''           "> AND PARENT_ID = #{vo.parentId,jdbcType=VARCHAR} </if>                     
           <if test="vo!=null and vo.rootId != null and vo.rootId != ''               "> AND ROOT_ID = #{vo.rootId,jdbcType=VARCHAR} </if>                         
           <if test="vo!=null and vo.code != null and vo.code != ''                   "> AND CODE LIKE CONCAT('%',#{vo.code,jdbcType=VARCHAR},'%') </if>           
           <if test="vo!=null and vo.isUseRootMenu != null and vo.isUseRootMenu != '' "> AND IS_USE_ROOT_MENU = #{vo.isUseRootMenu,jdbcType=VARCHAR} </if>         
           <if test="vo!=null and vo.type1 != null and vo.type1 != ''                 "> AND TYPE1 = #{vo.type1,jdbcType=VARCHAR} </if>                            
           <if test="vo!=null and vo.type2 != null and vo.type2 != ''                 "> AND TYPE2 = #{vo.type2,jdbcType=VARCHAR} </if>                            
           <if test="vo!=null and vo.description != null and vo.description != ''     "> AND DESCRIPTION = #{vo.description,jdbcType=VARCHAR} </if>                
           <if test="vo!=null and vo.updateTime != null and vo.updateTime != ''       "> AND UPDATE_TIME = #{vo.updateTime,jdbcType=VARCHAR} </if>                 
           <if test="vo!=null and vo.createTime != null and vo.createTime != ''       "> AND CREATE_TIME = #{vo.createTime,jdbcType=VARCHAR} </if>                 

		</where>
		<bind name="aliasDot" value="''"/><include refid="orderBy"/>
	</select>
	<select id="pageFindAuthOrganizationMap" resultType="hashmap">
		SELECT 
           AuthOrganization.ID                AS  id                               ,
           AuthOrganization.NAME              AS  name                             ,
           AuthOrganization.PARENT_ID         AS  parentId                         ,
           AuthOrganization.ROOT_ID           AS  rootId                           ,
           AuthOrganization.CODE              AS  code                             ,
           AuthOrganization.IS_USE_ROOT_MENU  AS  isUseRootMenu                    ,
           AuthOrganization.TYPE1             AS  type1                            ,
           AuthOrganization.TYPE2             AS  type2                            ,
           AuthOrganization.DESCRIPTION       AS  description                      ,
           AuthOrganization.UPDATE_TIME       AS  updateTime                       ,
           AuthOrganization.CREATE_TIME       AS  createTime                       ,
           parentIdAuthOrganization.NAME      AS  parentIdName                     ,
           rootIdAuthOrganization.NAME        AS  rootIdName                       

		FROM AUTH_ORGANIZATION AuthOrganization
		LEFT JOIN AUTH_ORGANIZATION parentIdAuthOrganization ON AuthOrganization.PARENT_ID = parentIdAuthOrganization.ID                                                       
		LEFT JOIN AUTH_ORGANIZATION rootIdAuthOrganization   ON AuthOrganization.ROOT_ID   = rootIdAuthOrganization.ID                                                         

		<where>
           <if test="vo!=null and vo.id != null and vo.id != ''                       "> AND AuthOrganization.ID = #{vo.id,jdbcType=VARCHAR} </if>                 
           <if test="vo!=null and vo.name != null and vo.name != ''                   "> AND AuthOrganization.NAME LIKE CONCAT('%',#{vo.name,jdbcType=VARCHAR},'%') </if>
           <if test="vo!=null and vo.parentId != null and vo.parentId != ''           "> AND AuthOrganization.PARENT_ID = #{vo.parentId,jdbcType=VARCHAR} </if>    
           <if test="vo!=null and vo.rootId != null and vo.rootId != ''               "> AND AuthOrganization.ROOT_ID = #{vo.rootId,jdbcType=VARCHAR} </if>        
           <if test="vo!=null and vo.code != null and vo.code != ''                   "> AND AuthOrganization.CODE LIKE CONCAT('%',#{vo.code,jdbcType=VARCHAR},'%') </if>
           <if test="vo!=null and vo.isUseRootMenu != null and vo.isUseRootMenu != '' "> AND AuthOrganization.IS_USE_ROOT_MENU = #{vo.isUseRootMenu,jdbcType=VARCHAR} </if>
           <if test="vo!=null and vo.type1 != null and vo.type1 != ''                 "> AND AuthOrganization.TYPE1 = #{vo.type1,jdbcType=VARCHAR} </if>           
           <if test="vo!=null and vo.type2 != null and vo.type2 != ''                 "> AND AuthOrganization.TYPE2 = #{vo.type2,jdbcType=VARCHAR} </if>           
           <if test="vo!=null and vo.description != null and vo.description != ''     "> AND AuthOrganization.DESCRIPTION = #{vo.description,jdbcType=VARCHAR} </if>
           <if test="vo!=null and vo.updateTime != null and vo.updateTime != ''       "> AND AuthOrganization.UPDATE_TIME = #{vo.updateTime,jdbcType=VARCHAR} </if>
           <if test="vo!=null and vo.createTime != null and vo.createTime != ''       "> AND AuthOrganization.CREATE_TIME = #{vo.createTime,jdbcType=VARCHAR} </if>

		</where>
		<bind name="aliasDot" value="'AuthOrganization.'"/><include refid="orderBy"/>
	</select>
	<insert id="insertAuthOrganization" parameterType="com.foreveross.qdp.domain.system.auth.AuthOrganization"  useGeneratedKeys="true" keyProperty="id" >
		INSERT INTO AUTH_ORGANIZATION
			( ID, NAME, PARENT_ID, ROOT_ID, CODE, IS_USE_ROOT_MENU, TYPE1, TYPE2, DESCRIPTION, UPDATE_TIME, CREATE_TIME )
		VALUES
			(
           #{id,jdbcType=VARCHAR},
           #{name,jdbcType=VARCHAR},
           #{parentId,jdbcType=VARCHAR},
           #{rootId,jdbcType=VARCHAR},
           #{code,jdbcType=VARCHAR},
           #{isUseRootMenu,jdbcType=VARCHAR},
           #{type1,jdbcType=VARCHAR},
           #{type2,jdbcType=VARCHAR},
           #{description,jdbcType=VARCHAR},
           #{updateTime,jdbcType=VARCHAR},
           #{createTime,jdbcType=VARCHAR}

			)
	</insert>
	<update id="updateAuthOrganization" parameterType="com.foreveross.qdp.domain.system.auth.AuthOrganization">
		UPDATE AUTH_ORGANIZATION
		<set>
           <if test="id != null            "> ID = #{id,jdbcType=VARCHAR},</if>
           <if test="name != null          "> NAME = #{name,jdbcType=VARCHAR},</if>
           PARENT_ID = #{parentId,jdbcType=VARCHAR},                                 
           ROOT_ID = #{rootId,jdbcType=VARCHAR},                                 
           <if test="code != null          "> CODE = #{code,jdbcType=VARCHAR},</if>
           <if test="isUseRootMenu != null "> IS_USE_ROOT_MENU = #{isUseRootMenu,jdbcType=VARCHAR},</if>
           <if test="type1 != null         "> TYPE1 = #{type1,jdbcType=VARCHAR},</if>
           <if test="type2 != null         "> TYPE2 = #{type2,jdbcType=VARCHAR},</if>
           DESCRIPTION = #{description,jdbcType=VARCHAR},                                 
           <if test="updateTime != null    "> UPDATE_TIME = #{updateTime,jdbcType=VARCHAR},</if>
           <if test="createTime != null    "> CREATE_TIME = #{createTime,jdbcType=VARCHAR},</if>

		</set>
		<where>
				AND ID = #{id,jdbcType=VARCHAR}
		</where>
	</update>
	<delete id="deleteAuthOrganization" parameterType="com.foreveross.qdp.domain.system.auth.AuthOrganization">
		DELETE FROM AUTH_ORGANIZATION
		<where>
				AND ID = #{id,jdbcType=VARCHAR}
		</where>
	</delete>
	<select id="getAuthOrganizationByName" parameterType="com.foreveross.qdp.domain.system.auth.AuthOrganization" resultMap="AuthOrganization">
		SELECT * 
		FROM AUTH_ORGANIZATION
		<where>
			NAME = #{name,jdbcType=VARCHAR}
		</where>
	</select>
	<select id="getAuthOrganizationMapByName" parameterType="com.foreveross.qdp.domain.system.auth.AuthOrganization" resultType="hashmap">
		SELECT 
           AuthOrganization.ID                AS  id                               ,
           AuthOrganization.NAME              AS  name                             ,
           AuthOrganization.PARENT_ID         AS  parentId                         ,
           AuthOrganization.ROOT_ID           AS  rootId                           ,
           AuthOrganization.CODE              AS  code                             ,
           AuthOrganization.IS_USE_ROOT_MENU  AS  isUseRootMenu                    ,
           AuthOrganization.TYPE1             AS  type1                            ,
           AuthOrganization.TYPE2             AS  type2                            ,
           AuthOrganization.DESCRIPTION       AS  description                      ,
           AuthOrganization.UPDATE_TIME       AS  updateTime                       ,
           AuthOrganization.CREATE_TIME       AS  createTime                       ,
           parentIdAuthOrganization.NAME      AS  parentIdName                     ,
           rootIdAuthOrganization.NAME        AS  rootIdName                       

		FROM AUTH_ORGANIZATION AuthOrganization
		LEFT JOIN AUTH_ORGANIZATION parentIdAuthOrganization ON AuthOrganization.PARENT_ID = parentIdAuthOrganization.ID                                                       
		LEFT JOIN AUTH_ORGANIZATION rootIdAuthOrganization   ON AuthOrganization.ROOT_ID   = rootIdAuthOrganization.ID                                                         

		<where>
			NAME = #{name,jdbcType=VARCHAR}
		</where>
	</select>
	<select id="getAuthOrganizationByCode" parameterType="com.foreveross.qdp.domain.system.auth.AuthOrganization" resultMap="AuthOrganization">
		SELECT * 
		FROM AUTH_ORGANIZATION
		<where>
			CODE = #{code,jdbcType=VARCHAR}
		</where>
	</select>
	<select id="getAuthOrganizationMapByCode" parameterType="com.foreveross.qdp.domain.system.auth.AuthOrganization" resultType="hashmap">
		SELECT 
           AuthOrganization.ID                AS  id                               ,
           AuthOrganization.NAME              AS  name                             ,
           AuthOrganization.PARENT_ID         AS  parentId                         ,
           AuthOrganization.ROOT_ID           AS  rootId                           ,
           AuthOrganization.CODE              AS  code                             ,
           AuthOrganization.IS_USE_ROOT_MENU  AS  isUseRootMenu                    ,
           AuthOrganization.TYPE1             AS  type1                            ,
           AuthOrganization.TYPE2             AS  type2                            ,
           AuthOrganization.DESCRIPTION       AS  description                      ,
           AuthOrganization.UPDATE_TIME       AS  updateTime                       ,
           AuthOrganization.CREATE_TIME       AS  createTime                       ,
           parentIdAuthOrganization.NAME      AS  parentIdName                     ,
           rootIdAuthOrganization.NAME        AS  rootIdName                       

		FROM AUTH_ORGANIZATION AuthOrganization
		LEFT JOIN AUTH_ORGANIZATION parentIdAuthOrganization ON AuthOrganization.PARENT_ID = parentIdAuthOrganization.ID                                                       
		LEFT JOIN AUTH_ORGANIZATION rootIdAuthOrganization   ON AuthOrganization.ROOT_ID   = rootIdAuthOrganization.ID                                                         

		<where>
			CODE = #{code,jdbcType=VARCHAR}
		</where>
	</select>

	
	<select id="pageFindAuthOrganizationByAuthMenu" resultMap="AuthOrganization">
		SELECT DISTINCT AuthOrganization.* 
		FROM AUTH_ORGANIZATION AuthOrganization
		INNER JOIN AUTH_AUTHER_MENU AuthAutherMenu  ON  AuthOrganization.ID = AuthAutherMenu.AUTHER_ID                                           
		INNER JOIN AUTH_MENU AuthMenu               ON  AuthMenu.ID         = AuthAutherMenu.MENU_ID                                             

		<where>
           <if test="vo!=null and vo.id != null and vo.id != ''                                     "> AND AuthOrganization.ID = #{vo.id,jdbcType=VARCHAR} </if>                               
           <if test="vo!=null and vo.name != null and vo.name != ''                                 "> AND AuthOrganization.NAME LIKE CONCAT('%',#{vo.name,jdbcType=VARCHAR},'%') </if>        
           <if test="vo!=null and vo.parentId != null and vo.parentId != ''                         "> AND AuthOrganization.PARENT_ID = #{vo.parentId,jdbcType=VARCHAR} </if>                  
           <if test="vo!=null and vo.rootId != null and vo.rootId != ''                             "> AND AuthOrganization.ROOT_ID = #{vo.rootId,jdbcType=VARCHAR} </if>                      
           <if test="vo!=null and vo.code != null and vo.code != ''                                 "> AND AuthOrganization.CODE LIKE CONCAT('%',#{vo.code,jdbcType=VARCHAR},'%') </if>        
           <if test="vo!=null and vo.isUseRootMenu != null and vo.isUseRootMenu != ''               "> AND AuthOrganization.IS_USE_ROOT_MENU = #{vo.isUseRootMenu,jdbcType=VARCHAR} </if>      
           <if test="vo!=null and vo.type1 != null and vo.type1 != ''                               "> AND AuthOrganization.TYPE1 = #{vo.type1,jdbcType=VARCHAR} </if>                         
           <if test="vo!=null and vo.type2 != null and vo.type2 != ''                               "> AND AuthOrganization.TYPE2 = #{vo.type2,jdbcType=VARCHAR} </if>                         
           <if test="vo!=null and vo.description != null and vo.description != ''                   "> AND AuthOrganization.DESCRIPTION = #{vo.description,jdbcType=VARCHAR} </if>             
           <if test="vo!=null and vo.updateTime != null and vo.updateTime != ''                     "> AND AuthOrganization.UPDATE_TIME = #{vo.updateTime,jdbcType=VARCHAR} </if>              
           <if test="vo!=null and vo.createTime != null and vo.createTime != ''                     "> AND AuthOrganization.CREATE_TIME = #{vo.createTime,jdbcType=VARCHAR} </if>              
           <if test="AuthMenu!=null and AuthMenu.id != null and AuthMenu.id != ''                   "> AND AuthMenu.ID = #{AuthMenu.id,jdbcType=VARCHAR} </if>                                 
           <if test="AuthMenu!=null and AuthMenu.name != null and AuthMenu.name != ''               "> AND AuthMenu.NAME LIKE CONCAT('%',#{AuthMenu.name,jdbcType=VARCHAR},'%') </if>          
           <if test="AuthMenu!=null and AuthMenu.resourceId != null and AuthMenu.resourceId != ''   "> AND AuthMenu.RESOURCE_ID = #{AuthMenu.resourceId,jdbcType=VARCHAR} </if>                
           <if test="AuthMenu!=null and AuthMenu.type1 != null and AuthMenu.type1 != ''             "> AND AuthMenu.TYPE1 = #{AuthMenu.type1,jdbcType=VARCHAR} </if>                           
           <if test="AuthMenu!=null and AuthMenu.type2 != null and AuthMenu.type2 != ''             "> AND AuthMenu.TYPE2 = #{AuthMenu.type2,jdbcType=VARCHAR} </if>                           
           <if test="AuthMenu!=null and AuthMenu.parentId != null and AuthMenu.parentId != ''       "> AND AuthMenu.PARENT_ID = #{AuthMenu.parentId,jdbcType=VARCHAR} </if>                    
           <if test="AuthMenu!=null and AuthMenu.rootId != null and AuthMenu.rootId != ''           "> AND AuthMenu.ROOT_ID = #{AuthMenu.rootId,jdbcType=VARCHAR} </if>                        
           <if test="AuthMenu!=null and AuthMenu.menuIndex != null and AuthMenu.menuIndex != ''     "> AND AuthMenu.MENU_INDEX = #{AuthMenu.menuIndex,jdbcType=INTEGER} </if>                  
           <if test="AuthMenu!=null and AuthMenu.maxLevel != null and AuthMenu.maxLevel != ''       "> AND AuthMenu.MAX_LEVEL = #{AuthMenu.maxLevel,jdbcType=INTEGER} </if>                    
           <if test="AuthMenu!=null and AuthMenu.ico != null and AuthMenu.ico != ''                 "> AND AuthMenu.ICO LIKE CONCAT('%',#{AuthMenu.ico,jdbcType=VARCHAR},'%') </if>            
           <if test="AuthMenu!=null and AuthMenu.description != null and AuthMenu.description != '' "> AND AuthMenu.DESCRIPTION = #{AuthMenu.description,jdbcType=VARCHAR} </if>               
           <if test="AuthMenu!=null and AuthMenu.updateTime != null and AuthMenu.updateTime != ''   "> AND AuthMenu.UPDATE_TIME = #{AuthMenu.updateTime,jdbcType=VARCHAR} </if>                
           <if test="AuthMenu!=null and AuthMenu.createTime != null and AuthMenu.createTime != ''   "> AND AuthMenu.CREATE_TIME = #{AuthMenu.createTime,jdbcType=VARCHAR} </if>                

		</where>
		<bind name="aliasDot" value="'AuthOrganization.'"/><include refid="orderBy"/>
	</select>
	 
	<select id="pageFindAuthMenuByAuthAutherMenuMap" resultType="hashmap">
		SELECT 
           AuthMenu.ID           AS  id                  ,
           AuthMenu.NAME         AS  name                ,
           AuthMenu.RESOURCE_ID  AS  resourceId          ,
           AuthMenu.TYPE1        AS  type1               ,
           AuthMenu.TYPE2        AS  type2               ,
           AuthMenu.PARENT_ID    AS  parentId            ,
           AuthMenu.ROOT_ID      AS  rootId              ,
           AuthMenu.MENU_INDEX   AS  menuIndex           ,
           AuthMenu.MAX_LEVEL    AS  maxLevel            ,
           AuthMenu.ICO          AS  ico                 ,
           AuthMenu.DESCRIPTION  AS  description         ,
           AuthMenu.UPDATE_TIME  AS  updateTime          ,
           AuthMenu.CREATE_TIME  AS  createTime          

		FROM AUTH_ORGANIZATION AuthOrganization
		INNER JOIN AUTH_AUTHER_MENU AuthAutherMenu  ON  AuthOrganization.ID = AuthAutherMenu.AUTHER_ID                                           
		INNER JOIN AUTH_MENU AuthMenu               ON  AuthMenu.ID         = AuthAutherMenu.MENU_ID                                             

		<where>
           <if test="vo!=null and vo.id != null and vo.id != ''                       "> AND AuthOrganization.ID = #{vo.id,jdbcType=VARCHAR} </if>                 
           <if test="vo!=null and vo.name != null and vo.name != ''                   "> AND AuthOrganization.NAME LIKE CONCAT('%',#{vo.name,jdbcType=VARCHAR},'%') </if>
           <if test="vo!=null and vo.parentId != null and vo.parentId != ''           "> AND AuthOrganization.PARENT_ID = #{vo.parentId,jdbcType=VARCHAR} </if>    
           <if test="vo!=null and vo.rootId != null and vo.rootId != ''               "> AND AuthOrganization.ROOT_ID = #{vo.rootId,jdbcType=VARCHAR} </if>        
           <if test="vo!=null and vo.code != null and vo.code != ''                   "> AND AuthOrganization.CODE LIKE CONCAT('%',#{vo.code,jdbcType=VARCHAR},'%') </if>
           <if test="vo!=null and vo.isUseRootMenu != null and vo.isUseRootMenu != '' "> AND AuthOrganization.IS_USE_ROOT_MENU = #{vo.isUseRootMenu,jdbcType=VARCHAR} </if>
           <if test="vo!=null and vo.type1 != null and vo.type1 != ''                 "> AND AuthOrganization.TYPE1 = #{vo.type1,jdbcType=VARCHAR} </if>           
           <if test="vo!=null and vo.type2 != null and vo.type2 != ''                 "> AND AuthOrganization.TYPE2 = #{vo.type2,jdbcType=VARCHAR} </if>           
           <if test="vo!=null and vo.description != null and vo.description != ''     "> AND AuthOrganization.DESCRIPTION = #{vo.description,jdbcType=VARCHAR} </if>
           <if test="vo!=null and vo.updateTime != null and vo.updateTime != ''       "> AND AuthOrganization.UPDATE_TIME = #{vo.updateTime,jdbcType=VARCHAR} </if>
           <if test="vo!=null and vo.createTime != null and vo.createTime != ''       "> AND AuthOrganization.CREATE_TIME = #{vo.createTime,jdbcType=VARCHAR} </if>

		</where>
	</select>
	
	<select id="pageFindAuthMenuByAuthMenuMap" resultType="hashmap">
		SELECT 
           AuthMenu.ID           AS  id                  ,
           AuthMenu.NAME         AS  name                ,
           AuthMenu.RESOURCE_ID  AS  resourceId          ,
           AuthMenu.TYPE1        AS  type1               ,
           AuthMenu.TYPE2        AS  type2               ,
           AuthMenu.PARENT_ID    AS  parentId            ,
           AuthMenu.ROOT_ID      AS  rootId              ,
           AuthMenu.MENU_INDEX   AS  menuIndex           ,
           AuthMenu.MAX_LEVEL    AS  maxLevel            ,
           AuthMenu.ICO          AS  ico                 ,
           AuthMenu.DESCRIPTION  AS  description         ,
           AuthMenu.UPDATE_TIME  AS  updateTime          ,
           AuthMenu.CREATE_TIME  AS  createTime          

		FROM AUTH_ORGANIZATION AuthOrganization
		INNER JOIN AUTH_AUTHER_MENU AuthAutherMenu  ON  AuthOrganization.ID = AuthAutherMenu.AUTHER_ID                                           
		INNER JOIN AUTH_MENU AuthMenu               ON  AuthMenu.ID         = AuthAutherMenu.MENU_ID                                             

		<where>
           <if test="vo!=null and vo.id != null and vo.id != ''                                     "> AND AuthOrganization.ID = #{vo.id,jdbcType=VARCHAR} </if>                               
           <if test="vo!=null and vo.name != null and vo.name != ''                                 "> AND AuthOrganization.NAME LIKE CONCAT('%',#{vo.name,jdbcType=VARCHAR},'%') </if>        
           <if test="vo!=null and vo.parentId != null and vo.parentId != ''                         "> AND AuthOrganization.PARENT_ID = #{vo.parentId,jdbcType=VARCHAR} </if>                  
           <if test="vo!=null and vo.rootId != null and vo.rootId != ''                             "> AND AuthOrganization.ROOT_ID = #{vo.rootId,jdbcType=VARCHAR} </if>                      
           <if test="vo!=null and vo.code != null and vo.code != ''                                 "> AND AuthOrganization.CODE LIKE CONCAT('%',#{vo.code,jdbcType=VARCHAR},'%') </if>        
           <if test="vo!=null and vo.isUseRootMenu != null and vo.isUseRootMenu != ''               "> AND AuthOrganization.IS_USE_ROOT_MENU = #{vo.isUseRootMenu,jdbcType=VARCHAR} </if>      
           <if test="vo!=null and vo.type1 != null and vo.type1 != ''                               "> AND AuthOrganization.TYPE1 = #{vo.type1,jdbcType=VARCHAR} </if>                         
           <if test="vo!=null and vo.type2 != null and vo.type2 != ''                               "> AND AuthOrganization.TYPE2 = #{vo.type2,jdbcType=VARCHAR} </if>                         
           <if test="vo!=null and vo.description != null and vo.description != ''                   "> AND AuthOrganization.DESCRIPTION = #{vo.description,jdbcType=VARCHAR} </if>             
           <if test="vo!=null and vo.updateTime != null and vo.updateTime != ''                     "> AND AuthOrganization.UPDATE_TIME = #{vo.updateTime,jdbcType=VARCHAR} </if>              
           <if test="vo!=null and vo.createTime != null and vo.createTime != ''                     "> AND AuthOrganization.CREATE_TIME = #{vo.createTime,jdbcType=VARCHAR} </if>              
           <if test="AuthMenu!=null and AuthMenu.id != null and AuthMenu.id != ''                   "> AND AuthMenu.ID = #{AuthMenu.id,jdbcType=VARCHAR} </if>                                 
           <if test="AuthMenu!=null and AuthMenu.name != null and AuthMenu.name != ''               "> AND AuthMenu.NAME LIKE CONCAT('%',#{AuthMenu.name,jdbcType=VARCHAR},'%') </if>          
           <if test="AuthMenu!=null and AuthMenu.resourceId != null and AuthMenu.resourceId != ''   "> AND AuthMenu.RESOURCE_ID = #{AuthMenu.resourceId,jdbcType=VARCHAR} </if>                
           <if test="AuthMenu!=null and AuthMenu.type1 != null and AuthMenu.type1 != ''             "> AND AuthMenu.TYPE1 = #{AuthMenu.type1,jdbcType=VARCHAR} </if>                           
           <if test="AuthMenu!=null and AuthMenu.type2 != null and AuthMenu.type2 != ''             "> AND AuthMenu.TYPE2 = #{AuthMenu.type2,jdbcType=VARCHAR} </if>                           
           <if test="AuthMenu!=null and AuthMenu.parentId != null and AuthMenu.parentId != ''       "> AND AuthMenu.PARENT_ID = #{AuthMenu.parentId,jdbcType=VARCHAR} </if>                    
           <if test="AuthMenu!=null and AuthMenu.rootId != null and AuthMenu.rootId != ''           "> AND AuthMenu.ROOT_ID = #{AuthMenu.rootId,jdbcType=VARCHAR} </if>                        
           <if test="AuthMenu!=null and AuthMenu.menuIndex != null and AuthMenu.menuIndex != ''     "> AND AuthMenu.MENU_INDEX = #{AuthMenu.menuIndex,jdbcType=INTEGER} </if>                  
           <if test="AuthMenu!=null and AuthMenu.maxLevel != null and AuthMenu.maxLevel != ''       "> AND AuthMenu.MAX_LEVEL = #{AuthMenu.maxLevel,jdbcType=INTEGER} </if>                    
           <if test="AuthMenu!=null and AuthMenu.ico != null and AuthMenu.ico != ''                 "> AND AuthMenu.ICO LIKE CONCAT('%',#{AuthMenu.ico,jdbcType=VARCHAR},'%') </if>            
           <if test="AuthMenu!=null and AuthMenu.description != null and AuthMenu.description != '' "> AND AuthMenu.DESCRIPTION = #{AuthMenu.description,jdbcType=VARCHAR} </if>               
           <if test="AuthMenu!=null and AuthMenu.updateTime != null and AuthMenu.updateTime != ''   "> AND AuthMenu.UPDATE_TIME = #{AuthMenu.updateTime,jdbcType=VARCHAR} </if>                
           <if test="AuthMenu!=null and AuthMenu.createTime != null and AuthMenu.createTime != ''   "> AND AuthMenu.CREATE_TIME = #{AuthMenu.createTime,jdbcType=VARCHAR} </if>                

		</where>
	</select>
	
	<select id="pageFindAuthAutherMenuMap" resultType="hashmap">
		SELECT 
           AuthAutherMenu.ID           AS  id                        ,
           AuthAutherMenu.AUTHER_ID    AS  autherId                  ,
           AuthAutherMenu.MENU_ID      AS  menuId                    ,
           AuthAutherMenu.TYPE         AS  type                      ,
           AuthAutherMenu.SORT         AS  sort                      ,
           AuthAutherMenu.CREATE_TIME  AS  createTime                ,
           AuthAutherMenu.UPDATE_TIME  AS  updateTime                

		FROM AUTH_ORGANIZATION AuthOrganization
		INNER JOIN AUTH_AUTHER_MENU AuthAutherMenu  ON  AuthOrganization.ID = AuthAutherMenu.AUTHER_ID                                           

		<where>
           <if test="vo!=null and vo.id != null and vo.id != ''                       "> AND AuthOrganization.ID = #{vo.id,jdbcType=VARCHAR} </if>                 
           <if test="vo!=null and vo.name != null and vo.name != ''                   "> AND AuthOrganization.NAME LIKE CONCAT('%',#{vo.name,jdbcType=VARCHAR},'%') </if>
           <if test="vo!=null and vo.parentId != null and vo.parentId != ''           "> AND AuthOrganization.PARENT_ID = #{vo.parentId,jdbcType=VARCHAR} </if>    
           <if test="vo!=null and vo.rootId != null and vo.rootId != ''               "> AND AuthOrganization.ROOT_ID = #{vo.rootId,jdbcType=VARCHAR} </if>        
           <if test="vo!=null and vo.code != null and vo.code != ''                   "> AND AuthOrganization.CODE LIKE CONCAT('%',#{vo.code,jdbcType=VARCHAR},'%') </if>
           <if test="vo!=null and vo.isUseRootMenu != null and vo.isUseRootMenu != '' "> AND AuthOrganization.IS_USE_ROOT_MENU = #{vo.isUseRootMenu,jdbcType=VARCHAR} </if>
           <if test="vo!=null and vo.type1 != null and vo.type1 != ''                 "> AND AuthOrganization.TYPE1 = #{vo.type1,jdbcType=VARCHAR} </if>           
           <if test="vo!=null and vo.type2 != null and vo.type2 != ''                 "> AND AuthOrganization.TYPE2 = #{vo.type2,jdbcType=VARCHAR} </if>           
           <if test="vo!=null and vo.description != null and vo.description != ''     "> AND AuthOrganization.DESCRIPTION = #{vo.description,jdbcType=VARCHAR} </if>
           <if test="vo!=null and vo.updateTime != null and vo.updateTime != ''       "> AND AuthOrganization.UPDATE_TIME = #{vo.updateTime,jdbcType=VARCHAR} </if>
           <if test="vo!=null and vo.createTime != null and vo.createTime != ''       "> AND AuthOrganization.CREATE_TIME = #{vo.createTime,jdbcType=VARCHAR} </if>

		</where>
	</select>

	
	<select id="pageFindAuthOrganizationByAuthUser" resultMap="AuthOrganization">
		SELECT DISTINCT AuthOrganization.* 
		FROM AUTH_ORGANIZATION AuthOrganization
		INNER JOIN AUTH_ORGANIZATION_USER AuthOrganizationUser  ON  AuthOrganization.ID = AuthOrganizationUser.ORGANIZATION_ID                                           
		INNER JOIN AUTH_USER AuthUser                           ON  AuthUser.ID         = AuthOrganizationUser.USER_ID                                                   

		<where>
           <if test="vo!=null and vo.id != null and vo.id != ''                                     "> AND AuthOrganization.ID = #{vo.id,jdbcType=VARCHAR} </if>                               
           <if test="vo!=null and vo.name != null and vo.name != ''                                 "> AND AuthOrganization.NAME LIKE CONCAT('%',#{vo.name,jdbcType=VARCHAR},'%') </if>        
           <if test="vo!=null and vo.parentId != null and vo.parentId != ''                         "> AND AuthOrganization.PARENT_ID = #{vo.parentId,jdbcType=VARCHAR} </if>                  
           <if test="vo!=null and vo.rootId != null and vo.rootId != ''                             "> AND AuthOrganization.ROOT_ID = #{vo.rootId,jdbcType=VARCHAR} </if>                      
           <if test="vo!=null and vo.code != null and vo.code != ''                                 "> AND AuthOrganization.CODE LIKE CONCAT('%',#{vo.code,jdbcType=VARCHAR},'%') </if>        
           <if test="vo!=null and vo.isUseRootMenu != null and vo.isUseRootMenu != ''               "> AND AuthOrganization.IS_USE_ROOT_MENU = #{vo.isUseRootMenu,jdbcType=VARCHAR} </if>      
           <if test="vo!=null and vo.type1 != null and vo.type1 != ''                               "> AND AuthOrganization.TYPE1 = #{vo.type1,jdbcType=VARCHAR} </if>                         
           <if test="vo!=null and vo.type2 != null and vo.type2 != ''                               "> AND AuthOrganization.TYPE2 = #{vo.type2,jdbcType=VARCHAR} </if>                         
           <if test="vo!=null and vo.description != null and vo.description != ''                   "> AND AuthOrganization.DESCRIPTION = #{vo.description,jdbcType=VARCHAR} </if>             
           <if test="vo!=null and vo.updateTime != null and vo.updateTime != ''                     "> AND AuthOrganization.UPDATE_TIME = #{vo.updateTime,jdbcType=VARCHAR} </if>              
           <if test="vo!=null and vo.createTime != null and vo.createTime != ''                     "> AND AuthOrganization.CREATE_TIME = #{vo.createTime,jdbcType=VARCHAR} </if>              
           <if test="AuthUser!=null and AuthUser.id != null and AuthUser.id != ''                   "> AND AuthUser.ID = #{AuthUser.id,jdbcType=VARCHAR} </if>                                 
           <if test="AuthUser!=null and AuthUser.name != null and AuthUser.name != ''               "> AND AuthUser.NAME LIKE CONCAT('%',#{AuthUser.name,jdbcType=VARCHAR},'%') </if>          
           <if test="AuthUser!=null and AuthUser.status != null and AuthUser.status != ''           "> AND AuthUser.STATUS LIKE CONCAT('%',#{AuthUser.status,jdbcType=VARCHAR},'%') </if>      
           <if test="AuthUser!=null and AuthUser.type != null and AuthUser.type != ''               "> AND AuthUser.TYPE = #{AuthUser.type,jdbcType=VARCHAR} </if>                             
           <if test="AuthUser!=null and AuthUser.tel != null and AuthUser.tel != ''                 "> AND AuthUser.TEL = #{AuthUser.tel,jdbcType=VARCHAR} </if>                               
           <if test="AuthUser!=null and AuthUser.email != null and AuthUser.email != ''             "> AND AuthUser.EMAIL LIKE CONCAT('%',#{AuthUser.email,jdbcType=VARCHAR},'%') </if>        
           <if test="AuthUser!=null and AuthUser.sex != null and AuthUser.sex != ''                 "> AND AuthUser.SEX LIKE CONCAT('%',#{AuthUser.sex,jdbcType=VARCHAR},'%') </if>            
           <if test="AuthUser!=null and AuthUser.description != null and AuthUser.description != '' "> AND AuthUser.DESCRIPTION = #{AuthUser.description,jdbcType=VARCHAR} </if>               
           <if test="AuthUser!=null and AuthUser.updateTime != null and AuthUser.updateTime != ''   "> AND AuthUser.UPDATE_TIME = #{AuthUser.updateTime,jdbcType=VARCHAR} </if>                
           <if test="AuthUser!=null and AuthUser.createTime != null and AuthUser.createTime != ''   "> AND AuthUser.CREATE_TIME = #{AuthUser.createTime,jdbcType=VARCHAR} </if>                

		</where>
		<bind name="aliasDot" value="'AuthOrganization.'"/><include refid="orderBy"/>
	</select>
	 
	<select id="pageFindAuthUserByAuthOrganizationUserMap" resultType="hashmap">
		SELECT 
           AuthUser.ID           AS  id                  ,
           AuthUser.NAME         AS  name                ,
           AuthUser.STATUS       AS  status              ,
           AuthUser.TYPE         AS  type                ,
           AuthUser.TEL          AS  tel                 ,
           AuthUser.EMAIL        AS  email               ,
           AuthUser.SEX          AS  sex                 ,
           AuthUser.DESCRIPTION  AS  description         ,
           AuthUser.UPDATE_TIME  AS  updateTime          ,
           AuthUser.CREATE_TIME  AS  createTime          

		FROM AUTH_ORGANIZATION AuthOrganization
		INNER JOIN AUTH_ORGANIZATION_USER AuthOrganizationUser  ON  AuthOrganization.ID = AuthOrganizationUser.ORGANIZATION_ID                                           
		INNER JOIN AUTH_USER AuthUser                           ON  AuthUser.ID         = AuthOrganizationUser.USER_ID                                                   

		<where>
           <if test="vo!=null and vo.id != null and vo.id != ''                       "> AND AuthOrganization.ID = #{vo.id,jdbcType=VARCHAR} </if>                 
           <if test="vo!=null and vo.name != null and vo.name != ''                   "> AND AuthOrganization.NAME LIKE CONCAT('%',#{vo.name,jdbcType=VARCHAR},'%') </if>
           <if test="vo!=null and vo.parentId != null and vo.parentId != ''           "> AND AuthOrganization.PARENT_ID = #{vo.parentId,jdbcType=VARCHAR} </if>    
           <if test="vo!=null and vo.rootId != null and vo.rootId != ''               "> AND AuthOrganization.ROOT_ID = #{vo.rootId,jdbcType=VARCHAR} </if>        
           <if test="vo!=null and vo.code != null and vo.code != ''                   "> AND AuthOrganization.CODE LIKE CONCAT('%',#{vo.code,jdbcType=VARCHAR},'%') </if>
           <if test="vo!=null and vo.isUseRootMenu != null and vo.isUseRootMenu != '' "> AND AuthOrganization.IS_USE_ROOT_MENU = #{vo.isUseRootMenu,jdbcType=VARCHAR} </if>
           <if test="vo!=null and vo.type1 != null and vo.type1 != ''                 "> AND AuthOrganization.TYPE1 = #{vo.type1,jdbcType=VARCHAR} </if>           
           <if test="vo!=null and vo.type2 != null and vo.type2 != ''                 "> AND AuthOrganization.TYPE2 = #{vo.type2,jdbcType=VARCHAR} </if>           
           <if test="vo!=null and vo.description != null and vo.description != ''     "> AND AuthOrganization.DESCRIPTION = #{vo.description,jdbcType=VARCHAR} </if>
           <if test="vo!=null and vo.updateTime != null and vo.updateTime != ''       "> AND AuthOrganization.UPDATE_TIME = #{vo.updateTime,jdbcType=VARCHAR} </if>
           <if test="vo!=null and vo.createTime != null and vo.createTime != ''       "> AND AuthOrganization.CREATE_TIME = #{vo.createTime,jdbcType=VARCHAR} </if>

		</where>
	</select>
	
	<select id="pageFindAuthUserByAuthUserMap" resultType="hashmap">
		SELECT 
           AuthUser.ID           AS  id                  ,
           AuthUser.NAME         AS  name                ,
           AuthUser.STATUS       AS  status              ,
           AuthUser.TYPE         AS  type                ,
           AuthUser.TEL          AS  tel                 ,
           AuthUser.EMAIL        AS  email               ,
           AuthUser.SEX          AS  sex                 ,
           AuthUser.DESCRIPTION  AS  description         ,
           AuthUser.UPDATE_TIME  AS  updateTime          ,
           AuthUser.CREATE_TIME  AS  createTime          

		FROM AUTH_ORGANIZATION AuthOrganization
		INNER JOIN AUTH_ORGANIZATION_USER AuthOrganizationUser  ON  AuthOrganization.ID = AuthOrganizationUser.ORGANIZATION_ID                                           
		INNER JOIN AUTH_USER AuthUser                           ON  AuthUser.ID         = AuthOrganizationUser.USER_ID                                                   

		<where>
           <if test="vo!=null and vo.id != null and vo.id != ''                                     "> AND AuthOrganization.ID = #{vo.id,jdbcType=VARCHAR} </if>                               
           <if test="vo!=null and vo.name != null and vo.name != ''                                 "> AND AuthOrganization.NAME LIKE CONCAT('%',#{vo.name,jdbcType=VARCHAR},'%') </if>        
           <if test="vo!=null and vo.parentId != null and vo.parentId != ''                         "> AND AuthOrganization.PARENT_ID = #{vo.parentId,jdbcType=VARCHAR} </if>                  
           <if test="vo!=null and vo.rootId != null and vo.rootId != ''                             "> AND AuthOrganization.ROOT_ID = #{vo.rootId,jdbcType=VARCHAR} </if>                      
           <if test="vo!=null and vo.code != null and vo.code != ''                                 "> AND AuthOrganization.CODE LIKE CONCAT('%',#{vo.code,jdbcType=VARCHAR},'%') </if>        
           <if test="vo!=null and vo.isUseRootMenu != null and vo.isUseRootMenu != ''               "> AND AuthOrganization.IS_USE_ROOT_MENU = #{vo.isUseRootMenu,jdbcType=VARCHAR} </if>      
           <if test="vo!=null and vo.type1 != null and vo.type1 != ''                               "> AND AuthOrganization.TYPE1 = #{vo.type1,jdbcType=VARCHAR} </if>                         
           <if test="vo!=null and vo.type2 != null and vo.type2 != ''                               "> AND AuthOrganization.TYPE2 = #{vo.type2,jdbcType=VARCHAR} </if>                         
           <if test="vo!=null and vo.description != null and vo.description != ''                   "> AND AuthOrganization.DESCRIPTION = #{vo.description,jdbcType=VARCHAR} </if>             
           <if test="vo!=null and vo.updateTime != null and vo.updateTime != ''                     "> AND AuthOrganization.UPDATE_TIME = #{vo.updateTime,jdbcType=VARCHAR} </if>              
           <if test="vo!=null and vo.createTime != null and vo.createTime != ''                     "> AND AuthOrganization.CREATE_TIME = #{vo.createTime,jdbcType=VARCHAR} </if>              
           <if test="AuthUser!=null and AuthUser.id != null and AuthUser.id != ''                   "> AND AuthUser.ID = #{AuthUser.id,jdbcType=VARCHAR} </if>                                 
           <if test="AuthUser!=null and AuthUser.name != null and AuthUser.name != ''               "> AND AuthUser.NAME LIKE CONCAT('%',#{AuthUser.name,jdbcType=VARCHAR},'%') </if>          
           <if test="AuthUser!=null and AuthUser.status != null and AuthUser.status != ''           "> AND AuthUser.STATUS LIKE CONCAT('%',#{AuthUser.status,jdbcType=VARCHAR},'%') </if>      
           <if test="AuthUser!=null and AuthUser.type != null and AuthUser.type != ''               "> AND AuthUser.TYPE = #{AuthUser.type,jdbcType=VARCHAR} </if>                             
           <if test="AuthUser!=null and AuthUser.tel != null and AuthUser.tel != ''                 "> AND AuthUser.TEL = #{AuthUser.tel,jdbcType=VARCHAR} </if>                               
           <if test="AuthUser!=null and AuthUser.email != null and AuthUser.email != ''             "> AND AuthUser.EMAIL LIKE CONCAT('%',#{AuthUser.email,jdbcType=VARCHAR},'%') </if>        
           <if test="AuthUser!=null and AuthUser.sex != null and AuthUser.sex != ''                 "> AND AuthUser.SEX LIKE CONCAT('%',#{AuthUser.sex,jdbcType=VARCHAR},'%') </if>            
           <if test="AuthUser!=null and AuthUser.description != null and AuthUser.description != '' "> AND AuthUser.DESCRIPTION = #{AuthUser.description,jdbcType=VARCHAR} </if>               
           <if test="AuthUser!=null and AuthUser.updateTime != null and AuthUser.updateTime != ''   "> AND AuthUser.UPDATE_TIME = #{AuthUser.updateTime,jdbcType=VARCHAR} </if>                
           <if test="AuthUser!=null and AuthUser.createTime != null and AuthUser.createTime != ''   "> AND AuthUser.CREATE_TIME = #{AuthUser.createTime,jdbcType=VARCHAR} </if>                

		</where>
	</select>
	
	<select id="pageFindAuthOrganizationUserMap" resultType="hashmap">
		SELECT 
           AuthOrganizationUser.ID               AS  id                                  ,
           AuthOrganizationUser.USER_ID          AS  userId                              ,
           AuthOrganizationUser.ORGANIZATION_ID  AS  organizationId                      ,
           AuthOrganizationUser.UPDATE_TIME      AS  updateTime                          ,
           AuthOrganizationUser.CREATE_TIME      AS  createTime                          

		FROM AUTH_ORGANIZATION AuthOrganization
		INNER JOIN AUTH_ORGANIZATION_USER AuthOrganizationUser  ON  AuthOrganization.ID = AuthOrganizationUser.ORGANIZATION_ID                                           

		<where>
           <if test="vo!=null and vo.id != null and vo.id != ''                       "> AND AuthOrganization.ID = #{vo.id,jdbcType=VARCHAR} </if>                 
           <if test="vo!=null and vo.name != null and vo.name != ''                   "> AND AuthOrganization.NAME LIKE CONCAT('%',#{vo.name,jdbcType=VARCHAR},'%') </if>
           <if test="vo!=null and vo.parentId != null and vo.parentId != ''           "> AND AuthOrganization.PARENT_ID = #{vo.parentId,jdbcType=VARCHAR} </if>    
           <if test="vo!=null and vo.rootId != null and vo.rootId != ''               "> AND AuthOrganization.ROOT_ID = #{vo.rootId,jdbcType=VARCHAR} </if>        
           <if test="vo!=null and vo.code != null and vo.code != ''                   "> AND AuthOrganization.CODE LIKE CONCAT('%',#{vo.code,jdbcType=VARCHAR},'%') </if>
           <if test="vo!=null and vo.isUseRootMenu != null and vo.isUseRootMenu != '' "> AND AuthOrganization.IS_USE_ROOT_MENU = #{vo.isUseRootMenu,jdbcType=VARCHAR} </if>
           <if test="vo!=null and vo.type1 != null and vo.type1 != ''                 "> AND AuthOrganization.TYPE1 = #{vo.type1,jdbcType=VARCHAR} </if>           
           <if test="vo!=null and vo.type2 != null and vo.type2 != ''                 "> AND AuthOrganization.TYPE2 = #{vo.type2,jdbcType=VARCHAR} </if>           
           <if test="vo!=null and vo.description != null and vo.description != ''     "> AND AuthOrganization.DESCRIPTION = #{vo.description,jdbcType=VARCHAR} </if>
           <if test="vo!=null and vo.updateTime != null and vo.updateTime != ''       "> AND AuthOrganization.UPDATE_TIME = #{vo.updateTime,jdbcType=VARCHAR} </if>
           <if test="vo!=null and vo.createTime != null and vo.createTime != ''       "> AND AuthOrganization.CREATE_TIME = #{vo.createTime,jdbcType=VARCHAR} </if>

		</where>
	</select>

	
	<select id="pageFindAuthOrganizationByAuthRole" resultMap="AuthOrganization">
		SELECT DISTINCT AuthOrganization.* 
		FROM AUTH_ORGANIZATION AuthOrganization
		INNER JOIN AUTH_AUTHER_ROLE AuthAutherRole  ON  AuthOrganization.ID = AuthAutherRole.AUTHER_ID                                           
		INNER JOIN AUTH_ROLE AuthRole               ON  AuthRole.ID         = AuthAutherRole.ROLE_ID                                             

		<where>
           <if test="vo!=null and vo.id != null and vo.id != ''                                     "> AND AuthOrganization.ID = #{vo.id,jdbcType=VARCHAR} </if>                               
           <if test="vo!=null and vo.name != null and vo.name != ''                                 "> AND AuthOrganization.NAME LIKE CONCAT('%',#{vo.name,jdbcType=VARCHAR},'%') </if>        
           <if test="vo!=null and vo.parentId != null and vo.parentId != ''                         "> AND AuthOrganization.PARENT_ID = #{vo.parentId,jdbcType=VARCHAR} </if>                  
           <if test="vo!=null and vo.rootId != null and vo.rootId != ''                             "> AND AuthOrganization.ROOT_ID = #{vo.rootId,jdbcType=VARCHAR} </if>                      
           <if test="vo!=null and vo.code != null and vo.code != ''                                 "> AND AuthOrganization.CODE LIKE CONCAT('%',#{vo.code,jdbcType=VARCHAR},'%') </if>        
           <if test="vo!=null and vo.isUseRootMenu != null and vo.isUseRootMenu != ''               "> AND AuthOrganization.IS_USE_ROOT_MENU = #{vo.isUseRootMenu,jdbcType=VARCHAR} </if>      
           <if test="vo!=null and vo.type1 != null and vo.type1 != ''                               "> AND AuthOrganization.TYPE1 = #{vo.type1,jdbcType=VARCHAR} </if>                         
           <if test="vo!=null and vo.type2 != null and vo.type2 != ''                               "> AND AuthOrganization.TYPE2 = #{vo.type2,jdbcType=VARCHAR} </if>                         
           <if test="vo!=null and vo.description != null and vo.description != ''                   "> AND AuthOrganization.DESCRIPTION = #{vo.description,jdbcType=VARCHAR} </if>             
           <if test="vo!=null and vo.updateTime != null and vo.updateTime != ''                     "> AND AuthOrganization.UPDATE_TIME = #{vo.updateTime,jdbcType=VARCHAR} </if>              
           <if test="vo!=null and vo.createTime != null and vo.createTime != ''                     "> AND AuthOrganization.CREATE_TIME = #{vo.createTime,jdbcType=VARCHAR} </if>              
           <if test="AuthRole!=null and AuthRole.id != null and AuthRole.id != ''                   "> AND AuthRole.ID = #{AuthRole.id,jdbcType=VARCHAR} </if>                                 
           <if test="AuthRole!=null and AuthRole.name != null and AuthRole.name != ''               "> AND AuthRole.NAME LIKE CONCAT('%',#{AuthRole.name,jdbcType=VARCHAR},'%') </if>          
           <if test="AuthRole!=null and AuthRole.code != null and AuthRole.code != ''               "> AND AuthRole.CODE LIKE CONCAT('%',#{AuthRole.code,jdbcType=VARCHAR},'%') </if>          
           <if test="AuthRole!=null and AuthRole.type1 != null and AuthRole.type1 != ''             "> AND AuthRole.TYPE1 = #{AuthRole.type1,jdbcType=VARCHAR} </if>                           
           <if test="AuthRole!=null and AuthRole.type2 != null and AuthRole.type2 != ''             "> AND AuthRole.TYPE2 = #{AuthRole.type2,jdbcType=VARCHAR} </if>                           
           <if test="AuthRole!=null and AuthRole.status != null and AuthRole.status != ''           "> AND AuthRole.STATUS LIKE CONCAT('%',#{AuthRole.status,jdbcType=VARCHAR},'%') </if>      
           <if test="AuthRole!=null and AuthRole.description != null and AuthRole.description != '' "> AND AuthRole.DESCRIPTION = #{AuthRole.description,jdbcType=VARCHAR} </if>               
           <if test="AuthRole!=null and AuthRole.updateTime != null and AuthRole.updateTime != ''   "> AND AuthRole.UPDATE_TIME = #{AuthRole.updateTime,jdbcType=VARCHAR} </if>                
           <if test="AuthRole!=null and AuthRole.createTime != null and AuthRole.createTime != ''   "> AND AuthRole.CREATE_TIME = #{AuthRole.createTime,jdbcType=VARCHAR} </if>                
           <if test="AuthRole!=null and AuthRole.resourceId != null and AuthRole.resourceId != ''   "> AND AuthRole.RESOURCE_ID = #{AuthRole.resourceId,jdbcType=VARCHAR} </if>                
           <if test="AuthRole!=null and AuthRole.menuId != null and AuthRole.menuId != ''           "> AND AuthRole.MENU_ID = #{AuthRole.menuId,jdbcType=VARCHAR} </if>                        

		</where>
		<bind name="aliasDot" value="'AuthOrganization.'"/><include refid="orderBy"/>
	</select>
	 
	<select id="pageFindAuthRoleByAuthAutherRoleMap" resultType="hashmap">
		SELECT 
           AuthRole.ID           AS  id                  ,
           AuthRole.NAME         AS  name                ,
           AuthRole.CODE         AS  code                ,
           AuthRole.TYPE1        AS  type1               ,
           AuthRole.TYPE2        AS  type2               ,
           AuthRole.STATUS       AS  status              ,
           AuthRole.DESCRIPTION  AS  description         ,
           AuthRole.UPDATE_TIME  AS  updateTime          ,
           AuthRole.CREATE_TIME  AS  createTime          

		FROM AUTH_ORGANIZATION AuthOrganization
		INNER JOIN AUTH_AUTHER_ROLE AuthAutherRole  ON  AuthOrganization.ID = AuthAutherRole.AUTHER_ID                                           
		INNER JOIN AUTH_ROLE AuthRole               ON  AuthRole.ID         = AuthAutherRole.ROLE_ID                                             

		<where>
           <if test="vo!=null and vo.id != null and vo.id != ''                       "> AND AuthOrganization.ID = #{vo.id,jdbcType=VARCHAR} </if>                 
           <if test="vo!=null and vo.name != null and vo.name != ''                   "> AND AuthOrganization.NAME LIKE CONCAT('%',#{vo.name,jdbcType=VARCHAR},'%') </if>
           <if test="vo!=null and vo.parentId != null and vo.parentId != ''           "> AND AuthOrganization.PARENT_ID = #{vo.parentId,jdbcType=VARCHAR} </if>    
           <if test="vo!=null and vo.rootId != null and vo.rootId != ''               "> AND AuthOrganization.ROOT_ID = #{vo.rootId,jdbcType=VARCHAR} </if>        
           <if test="vo!=null and vo.code != null and vo.code != ''                   "> AND AuthOrganization.CODE LIKE CONCAT('%',#{vo.code,jdbcType=VARCHAR},'%') </if>
           <if test="vo!=null and vo.isUseRootMenu != null and vo.isUseRootMenu != '' "> AND AuthOrganization.IS_USE_ROOT_MENU = #{vo.isUseRootMenu,jdbcType=VARCHAR} </if>
           <if test="vo!=null and vo.type1 != null and vo.type1 != ''                 "> AND AuthOrganization.TYPE1 = #{vo.type1,jdbcType=VARCHAR} </if>           
           <if test="vo!=null and vo.type2 != null and vo.type2 != ''                 "> AND AuthOrganization.TYPE2 = #{vo.type2,jdbcType=VARCHAR} </if>           
           <if test="vo!=null and vo.description != null and vo.description != ''     "> AND AuthOrganization.DESCRIPTION = #{vo.description,jdbcType=VARCHAR} </if>
           <if test="vo!=null and vo.updateTime != null and vo.updateTime != ''       "> AND AuthOrganization.UPDATE_TIME = #{vo.updateTime,jdbcType=VARCHAR} </if>
           <if test="vo!=null and vo.createTime != null and vo.createTime != ''       "> AND AuthOrganization.CREATE_TIME = #{vo.createTime,jdbcType=VARCHAR} </if>

		</where>
	</select>
	
	<select id="pageFindAuthRoleByAuthRoleMap" resultType="hashmap">
		SELECT 
           AuthRole.ID           AS  id                  ,
           AuthRole.NAME         AS  name                ,
           AuthRole.CODE         AS  code                ,
           AuthRole.TYPE1        AS  type1               ,
           AuthRole.TYPE2        AS  type2               ,
           AuthRole.STATUS       AS  status              ,
           AuthRole.DESCRIPTION  AS  description         ,
           AuthRole.UPDATE_TIME  AS  updateTime          ,
           AuthRole.CREATE_TIME  AS  createTime          

		FROM AUTH_ORGANIZATION AuthOrganization
		INNER JOIN AUTH_AUTHER_ROLE AuthAutherRole  ON  AuthOrganization.ID = AuthAutherRole.AUTHER_ID                                           
		INNER JOIN AUTH_ROLE AuthRole               ON  AuthRole.ID         = AuthAutherRole.ROLE_ID                                             

		<where>
           <if test="vo!=null and vo.id != null and vo.id != ''                                     "> AND AuthOrganization.ID = #{vo.id,jdbcType=VARCHAR} </if>                               
           <if test="vo!=null and vo.name != null and vo.name != ''                                 "> AND AuthOrganization.NAME LIKE CONCAT('%',#{vo.name,jdbcType=VARCHAR},'%') </if>        
           <if test="vo!=null and vo.parentId != null and vo.parentId != ''                         "> AND AuthOrganization.PARENT_ID = #{vo.parentId,jdbcType=VARCHAR} </if>                  
           <if test="vo!=null and vo.rootId != null and vo.rootId != ''                             "> AND AuthOrganization.ROOT_ID = #{vo.rootId,jdbcType=VARCHAR} </if>                      
           <if test="vo!=null and vo.code != null and vo.code != ''                                 "> AND AuthOrganization.CODE LIKE CONCAT('%',#{vo.code,jdbcType=VARCHAR},'%') </if>        
           <if test="vo!=null and vo.isUseRootMenu != null and vo.isUseRootMenu != ''               "> AND AuthOrganization.IS_USE_ROOT_MENU = #{vo.isUseRootMenu,jdbcType=VARCHAR} </if>      
           <if test="vo!=null and vo.type1 != null and vo.type1 != ''                               "> AND AuthOrganization.TYPE1 = #{vo.type1,jdbcType=VARCHAR} </if>                         
           <if test="vo!=null and vo.type2 != null and vo.type2 != ''                               "> AND AuthOrganization.TYPE2 = #{vo.type2,jdbcType=VARCHAR} </if>                         
           <if test="vo!=null and vo.description != null and vo.description != ''                   "> AND AuthOrganization.DESCRIPTION = #{vo.description,jdbcType=VARCHAR} </if>             
           <if test="vo!=null and vo.updateTime != null and vo.updateTime != ''                     "> AND AuthOrganization.UPDATE_TIME = #{vo.updateTime,jdbcType=VARCHAR} </if>              
           <if test="vo!=null and vo.createTime != null and vo.createTime != ''                     "> AND AuthOrganization.CREATE_TIME = #{vo.createTime,jdbcType=VARCHAR} </if>              
           <if test="AuthRole!=null and AuthRole.id != null and AuthRole.id != ''                   "> AND AuthRole.ID = #{AuthRole.id,jdbcType=VARCHAR} </if>                                 
           <if test="AuthRole!=null and AuthRole.name != null and AuthRole.name != ''               "> AND AuthRole.NAME LIKE CONCAT('%',#{AuthRole.name,jdbcType=VARCHAR},'%') </if>          
           <if test="AuthRole!=null and AuthRole.code != null and AuthRole.code != ''               "> AND AuthRole.CODE LIKE CONCAT('%',#{AuthRole.code,jdbcType=VARCHAR},'%') </if>          
           <if test="AuthRole!=null and AuthRole.type1 != null and AuthRole.type1 != ''             "> AND AuthRole.TYPE1 = #{AuthRole.type1,jdbcType=VARCHAR} </if>                           
           <if test="AuthRole!=null and AuthRole.type2 != null and AuthRole.type2 != ''             "> AND AuthRole.TYPE2 = #{AuthRole.type2,jdbcType=VARCHAR} </if>                           
           <if test="AuthRole!=null and AuthRole.status != null and AuthRole.status != ''           "> AND AuthRole.STATUS LIKE CONCAT('%',#{AuthRole.status,jdbcType=VARCHAR},'%') </if>      
           <if test="AuthRole!=null and AuthRole.description != null and AuthRole.description != '' "> AND AuthRole.DESCRIPTION = #{AuthRole.description,jdbcType=VARCHAR} </if>               
           <if test="AuthRole!=null and AuthRole.updateTime != null and AuthRole.updateTime != ''   "> AND AuthRole.UPDATE_TIME = #{AuthRole.updateTime,jdbcType=VARCHAR} </if>                
           <if test="AuthRole!=null and AuthRole.createTime != null and AuthRole.createTime != ''   "> AND AuthRole.CREATE_TIME = #{AuthRole.createTime,jdbcType=VARCHAR} </if>                
           <if test="AuthRole!=null and AuthRole.resourceId != null and AuthRole.resourceId != ''   "> AND AuthRole.RESOURCE_ID = #{AuthRole.resourceId,jdbcType=VARCHAR} </if>                
           <if test="AuthRole!=null and AuthRole.menuId != null and AuthRole.menuId != ''           "> AND AuthRole.MENU_ID = #{AuthRole.menuId,jdbcType=VARCHAR} </if>                        

		</where>
	</select>
	
	<select id="pageFindAuthAutherRoleMap" resultType="hashmap">
		SELECT 
           AuthAutherRole.ID           AS  id                        ,
           AuthAutherRole.AUTHER_ID    AS  autherId                  ,
           AuthAutherRole.ROLE_ID      AS  roleId                    ,
           AuthAutherRole.TYPE         AS  type                      ,
           AuthAutherRole.CREATE_TIME  AS  createTime                ,
           AuthAutherRole.UPDATE_TIME  AS  updateTime                

		FROM AUTH_ORGANIZATION AuthOrganization
		INNER JOIN AUTH_AUTHER_ROLE AuthAutherRole  ON  AuthOrganization.ID = AuthAutherRole.AUTHER_ID                                           

		<where>
           <if test="vo!=null and vo.id != null and vo.id != ''                       "> AND AuthOrganization.ID = #{vo.id,jdbcType=VARCHAR} </if>                 
           <if test="vo!=null and vo.name != null and vo.name != ''                   "> AND AuthOrganization.NAME LIKE CONCAT('%',#{vo.name,jdbcType=VARCHAR},'%') </if>
           <if test="vo!=null and vo.parentId != null and vo.parentId != ''           "> AND AuthOrganization.PARENT_ID = #{vo.parentId,jdbcType=VARCHAR} </if>    
           <if test="vo!=null and vo.rootId != null and vo.rootId != ''               "> AND AuthOrganization.ROOT_ID = #{vo.rootId,jdbcType=VARCHAR} </if>        
           <if test="vo!=null and vo.code != null and vo.code != ''                   "> AND AuthOrganization.CODE LIKE CONCAT('%',#{vo.code,jdbcType=VARCHAR},'%') </if>
           <if test="vo!=null and vo.isUseRootMenu != null and vo.isUseRootMenu != '' "> AND AuthOrganization.IS_USE_ROOT_MENU = #{vo.isUseRootMenu,jdbcType=VARCHAR} </if>
           <if test="vo!=null and vo.type1 != null and vo.type1 != ''                 "> AND AuthOrganization.TYPE1 = #{vo.type1,jdbcType=VARCHAR} </if>           
           <if test="vo!=null and vo.type2 != null and vo.type2 != ''                 "> AND AuthOrganization.TYPE2 = #{vo.type2,jdbcType=VARCHAR} </if>           
           <if test="vo!=null and vo.description != null and vo.description != ''     "> AND AuthOrganization.DESCRIPTION = #{vo.description,jdbcType=VARCHAR} </if>
           <if test="vo!=null and vo.updateTime != null and vo.updateTime != ''       "> AND AuthOrganization.UPDATE_TIME = #{vo.updateTime,jdbcType=VARCHAR} </if>
           <if test="vo!=null and vo.createTime != null and vo.createTime != ''       "> AND AuthOrganization.CREATE_TIME = #{vo.createTime,jdbcType=VARCHAR} </if>

		</where>
	</select>
	<select id="countAuthOrganizationByName" resultType="java.lang.Long">
		SELECT count(*)
		FROM AUTH_ORGANIZATION
		<where>
           NAME = #{vo.name,jdbcType=VARCHAR}                                                                        
           <if test="vo!=null and vo.id != null and vo.id != '' "> AND ID &lt;&gt; #{vo.id,jdbcType=VARCHAR}</if>      

		</where>
	</select>
	<select id="countAuthOrganizationByCode" resultType="java.lang.Long">
		SELECT count(*)
		FROM AUTH_ORGANIZATION
		<where>
           CODE = #{vo.code,jdbcType=VARCHAR}                                                                        
           <if test="vo!=null and vo.id != null and vo.id != '' "> AND ID &lt;&gt; #{vo.id,jdbcType=VARCHAR}</if>      

		</where>
	</select>
</mapper>
