<?xml version="1.0" encoding="UTF-8"?>
<!DOCTYPE mapper PUBLIC "-//mybatis.org//DTD Mapper 3.0//EN" "http://mybatis.org/dtd/mybatis-3-mapper.dtd">
<mapper namespace="AuthAccount">
	<resultMap id="AuthAccount" type="com.foreveross.qdp.domain.system.auth.AuthAccount">
        <id     property="id"            column="ID"/>                          
        <result property="loginEmail"    column="LOGIN_EMAIL"/>                 
        <result property="loginPasswd"   column="LOGIN_PASSWD"/>                
        <result property="status"        column="STATUS"/>                      
        <result property="type"          column="TYPE"/>                        
        <result property="userId"        column="USER_ID"/>                     
        <result property="lastLogin"     column="LAST_LOGIN"/>                  
        <result property="loginTryTimes" column="LOGIN_TRY_TIMES"/>             
        <result property="description"   column="DESCRIPTION"/>                 
        <result property="updateTime"    column="UPDATE_TIME"/>                 
        <result property="createTime"    column="CREATE_TIME"/>                 

	</resultMap>
	<sql id="orderBy">
		<if test="page !=null and page.orderBy!=null">
			<bind name="fieldColMap" value="#{
           'ID'              : 'ID'             ,
           'LOGINEMAIL'      : 'LOGIN_EMAIL'    ,
           'LOGIN_EMAIL'     : 'LOGIN_EMAIL'    ,
           'LOGINPASSWD'     : 'LOGIN_PASSWD'   ,
           'LOGIN_PASSWD'    : 'LOGIN_PASSWD'   ,
           'STATUS'          : 'STATUS'         ,
           'TYPE'            : 'TYPE'           ,
           'USERID'          : 'USER_ID'        ,
           'USER_ID'         : 'USER_ID'        ,
           'LASTLOGIN'       : 'LAST_LOGIN'     ,
           'LAST_LOGIN'      : 'LAST_LOGIN'     ,
           'LOGINTRYTIMES'   : 'LOGIN_TRY_TIMES',
           'LOGIN_TRY_TIMES' : 'LOGIN_TRY_TIMES',
           'DESCRIPTION'     : 'DESCRIPTION'    ,
           'UPDATETIME'      : 'UPDATE_TIME'    ,
           'UPDATE_TIME'     : 'UPDATE_TIME'    ,
           'CREATETIME'      : 'CREATE_TIME'    ,
           'CREATE_TIME'     : 'CREATE_TIME'    

			}"/>
			<bind name="orderMap" value="#{'ASC':'ASC', 'DESC':'DESC'}"/>
			<trim prefix="order by " suffixOverrides=",">
				<foreach item="item" index="index" collection="page.orderBy" separator=",">
					<if test="item != null and item.name !=null and (fieldColMap[item.name.toUpperCase()] != null or orderMap[item.order.toUpperCase()]!=null)">${aliasDot}${fieldColMap[item.name.toUpperCase()]} ${orderMap[item.order.toUpperCase()]}</if>
				</foreach>
			</trim>
		</if>
	</sql>
	<select id="getAuthAccountById" parameterType="com.foreveross.qdp.domain.system.auth.AuthAccount" resultMap="AuthAccount">
		SELECT * 
		FROM AUTH_ACCOUNT
		<where>
				AND ID = #{id,jdbcType=VARCHAR}
		</where>
	</select>
	<select id="getAuthAccountMapById" parameterType="com.foreveross.qdp.domain.system.auth.AuthAccount" resultType="hashmap">
		SELECT 
           AuthAccount.ID               AS  id                         ,
           AuthAccount.LOGIN_EMAIL      AS  loginEmail                 ,
           AuthAccount.LOGIN_PASSWD     AS  loginPasswd                ,
           AuthAccount.STATUS           AS  status                     ,
           AuthAccount.TYPE             AS  type                       ,
           AuthAccount.USER_ID          AS  userId                     ,
           AuthAccount.LAST_LOGIN       AS  lastLogin                  ,
           AuthAccount.LOGIN_TRY_TIMES  AS  loginTryTimes              ,
           AuthAccount.DESCRIPTION      AS  description                ,
           AuthAccount.UPDATE_TIME      AS  updateTime                 ,
           AuthAccount.CREATE_TIME      AS  createTime                 ,
           userIdAuthUser.NAME          AS  userIdName                 

		FROM AUTH_ACCOUNT AuthAccount
		LEFT JOIN AUTH_USER userIdAuthUser ON AuthAccount.USER_ID = userIdAuthUser.ID                                        

		<where>
				AND authAccount.ID = #{id,jdbcType=VARCHAR}
		</where>
	</select>
	<select id="pageFindAuthAccount" resultMap="AuthAccount">
		SELECT *
		FROM AUTH_ACCOUNT
		<where>
           <if test="vo!=null and vo.id != null and vo.id != ''                       "> AND ID = #{vo.id,jdbcType=VARCHAR} </if>                                  
           <if test="vo!=null and vo.loginEmail != null and vo.loginEmail != ''       "> AND LOGIN_EMAIL LIKE CONCAT('%',#{vo.loginEmail,jdbcType=VARCHAR},'%') </if>
           <if test="vo!=null and vo.loginPasswd != null and vo.loginPasswd != ''     "> AND LOGIN_PASSWD = #{vo.loginPasswd,jdbcType=VARCHAR} </if>               
           <if test="vo!=null and vo.status != null and vo.status != ''               "> AND STATUS LIKE CONCAT('%',#{vo.status,jdbcType=VARCHAR},'%') </if>       
           <if test="vo!=null and vo.type != null and vo.type != ''                   "> AND TYPE = #{vo.type,jdbcType=VARCHAR} </if>                              
           <if test="vo!=null and vo.userId != null and vo.userId != ''               "> AND USER_ID = #{vo.userId,jdbcType=VARCHAR} </if>                         
           <if test="vo!=null and vo.lastLogin != null and vo.lastLogin != ''         "> AND LAST_LOGIN = #{vo.lastLogin,jdbcType=VARCHAR} </if>                   
           <if test="vo!=null and vo.loginTryTimes != null and vo.loginTryTimes != '' "> AND LOGIN_TRY_TIMES = #{vo.loginTryTimes,jdbcType=INTEGER} </if>          
           <if test="vo!=null and vo.description != null and vo.description != ''     "> AND DESCRIPTION = #{vo.description,jdbcType=VARCHAR} </if>                
           <if test="vo!=null and vo.updateTime != null and vo.updateTime != ''       "> AND UPDATE_TIME = #{vo.updateTime,jdbcType=VARCHAR} </if>                 
           <if test="vo!=null and vo.createTime != null and vo.createTime != ''       "> AND CREATE_TIME = #{vo.createTime,jdbcType=VARCHAR} </if>                 

		</where>
		<bind name="aliasDot" value="''"/><include refid="orderBy"/>
	</select>
	<select id="pageFindAuthAccountMap" resultType="hashmap">
		SELECT 
           AuthAccount.ID               AS  id                         ,
           AuthAccount.LOGIN_EMAIL      AS  loginEmail                 ,
           AuthAccount.LOGIN_PASSWD     AS  loginPasswd                ,
           AuthAccount.STATUS           AS  status                     ,
           AuthAccount.TYPE             AS  type                       ,
           AuthAccount.USER_ID          AS  userId                     ,
           AuthAccount.LAST_LOGIN       AS  lastLogin                  ,
           AuthAccount.LOGIN_TRY_TIMES  AS  loginTryTimes              ,
           AuthAccount.DESCRIPTION      AS  description                ,
           AuthAccount.UPDATE_TIME      AS  updateTime                 ,
           AuthAccount.CREATE_TIME      AS  createTime                 ,
           userIdAuthUser.NAME          AS  userIdName                 

		FROM AUTH_ACCOUNT AuthAccount
		LEFT JOIN AUTH_USER userIdAuthUser ON AuthAccount.USER_ID = userIdAuthUser.ID                                        

		<where>
           <if test="vo!=null and vo.id != null and vo.id != ''                       "> AND AuthAccount.ID = #{vo.id,jdbcType=VARCHAR} </if>                      
           <if test="vo!=null and vo.loginEmail != null and vo.loginEmail != ''       "> AND AuthAccount.LOGIN_EMAIL LIKE CONCAT('%',#{vo.loginEmail,jdbcType=VARCHAR},'%') </if>
           <if test="vo!=null and vo.loginPasswd != null and vo.loginPasswd != ''     "> AND AuthAccount.LOGIN_PASSWD = #{vo.loginPasswd,jdbcType=VARCHAR} </if>   
           <if test="vo!=null and vo.status != null and vo.status != ''               "> AND AuthAccount.STATUS LIKE CONCAT('%',#{vo.status,jdbcType=VARCHAR},'%') </if>
           <if test="vo!=null and vo.type != null and vo.type != ''                   "> AND AuthAccount.TYPE = #{vo.type,jdbcType=VARCHAR} </if>                  
           <if test="vo!=null and vo.userId != null and vo.userId != ''               "> AND AuthAccount.USER_ID = #{vo.userId,jdbcType=VARCHAR} </if>             
           <if test="vo!=null and vo.lastLogin != null and vo.lastLogin != ''         "> AND AuthAccount.LAST_LOGIN = #{vo.lastLogin,jdbcType=VARCHAR} </if>       
           <if test="vo!=null and vo.loginTryTimes != null and vo.loginTryTimes != '' "> AND AuthAccount.LOGIN_TRY_TIMES = #{vo.loginTryTimes,jdbcType=INTEGER} </if>
           <if test="vo!=null and vo.description != null and vo.description != ''     "> AND AuthAccount.DESCRIPTION = #{vo.description,jdbcType=VARCHAR} </if>    
           <if test="vo!=null and vo.updateTime != null and vo.updateTime != ''       "> AND AuthAccount.UPDATE_TIME = #{vo.updateTime,jdbcType=VARCHAR} </if>     
           <if test="vo!=null and vo.createTime != null and vo.createTime != ''       "> AND AuthAccount.CREATE_TIME = #{vo.createTime,jdbcType=VARCHAR} </if>     

		</where>
		<bind name="aliasDot" value="'AuthAccount.'"/><include refid="orderBy"/>
	</select>
	<insert id="insertAuthAccount" parameterType="com.foreveross.qdp.domain.system.auth.AuthAccount"  useGeneratedKeys="true" keyProperty="id" >
		INSERT INTO AUTH_ACCOUNT
			( ID, LOGIN_EMAIL, LOGIN_PASSWD, STATUS, TYPE, USER_ID, LAST_LOGIN, LOGIN_TRY_TIMES, DESCRIPTION, UPDATE_TIME, CREATE_TIME )
		VALUES
			(
           #{id,jdbcType=VARCHAR},
           #{loginEmail,jdbcType=VARCHAR},
           #{loginPasswd,jdbcType=VARCHAR},
           #{status,jdbcType=VARCHAR},
           #{type,jdbcType=VARCHAR},
           #{userId,jdbcType=VARCHAR},
           #{lastLogin,jdbcType=VARCHAR},
           #{loginTryTimes,jdbcType=INTEGER},
           #{description,jdbcType=VARCHAR},
           #{updateTime,jdbcType=VARCHAR},
           #{createTime,jdbcType=VARCHAR}

			)
	</insert>
	<update id="updateAuthAccount" parameterType="com.foreveross.qdp.domain.system.auth.AuthAccount">
		UPDATE AUTH_ACCOUNT
		<set>
           <if test="id != null            "> ID = #{id,jdbcType=VARCHAR},</if>
           <if test="loginEmail != null    "> LOGIN_EMAIL = #{loginEmail,jdbcType=VARCHAR},</if>
           <if test="loginPasswd != null   "> LOGIN_PASSWD = #{loginPasswd,jdbcType=VARCHAR},</if>
           <if test="status != null        "> STATUS = #{status,jdbcType=VARCHAR},</if>
           <if test="type != null          "> TYPE = #{type,jdbcType=VARCHAR},</if>
           USER_ID = #{userId,jdbcType=VARCHAR},                                 
           <if test="lastLogin != null     "> LAST_LOGIN = #{lastLogin,jdbcType=VARCHAR},</if>
           <if test="loginTryTimes != null "> LOGIN_TRY_TIMES = #{loginTryTimes,jdbcType=INTEGER},</if>
           DESCRIPTION = #{description,jdbcType=VARCHAR},                                 
           <if test="updateTime != null    "> UPDATE_TIME = #{updateTime,jdbcType=VARCHAR},</if>
           <if test="createTime != null    "> CREATE_TIME = #{createTime,jdbcType=VARCHAR},</if>

		</set>
		<where>
				AND ID = #{id,jdbcType=VARCHAR}
		</where>
	</update>
	<delete id="deleteAuthAccount" parameterType="com.foreveross.qdp.domain.system.auth.AuthAccount">
		DELETE FROM AUTH_ACCOUNT
		<where>
				AND ID = #{id,jdbcType=VARCHAR}
		</where>
	</delete>
	<select id="getAuthAccountByLoginEmail" parameterType="com.foreveross.qdp.domain.system.auth.AuthAccount" resultMap="AuthAccount">
		SELECT * 
		FROM AUTH_ACCOUNT
		<where>
			LOGIN_EMAIL = #{loginEmail,jdbcType=VARCHAR}
		</where>
	</select>
	<select id="getAuthAccountMapByLoginEmail" parameterType="com.foreveross.qdp.domain.system.auth.AuthAccount" resultType="hashmap">
		SELECT 
           AuthAccount.ID               AS  id                         ,
           AuthAccount.LOGIN_EMAIL      AS  loginEmail                 ,
           AuthAccount.LOGIN_PASSWD     AS  loginPasswd                ,
           AuthAccount.STATUS           AS  status                     ,
           AuthAccount.TYPE             AS  type                       ,
           AuthAccount.USER_ID          AS  userId                     ,
           AuthAccount.LAST_LOGIN       AS  lastLogin                  ,
           AuthAccount.LOGIN_TRY_TIMES  AS  loginTryTimes              ,
           AuthAccount.DESCRIPTION      AS  description                ,
           AuthAccount.UPDATE_TIME      AS  updateTime                 ,
           AuthAccount.CREATE_TIME      AS  createTime                 ,
           userIdAuthUser.NAME          AS  userIdName                 

		FROM AUTH_ACCOUNT AuthAccount
		LEFT JOIN AUTH_USER userIdAuthUser ON AuthAccount.USER_ID = userIdAuthUser.ID                                        

		<where>
			LOGIN_EMAIL = #{loginEmail,jdbcType=VARCHAR}
		</where>
	</select>

	
	<select id="pageFindAuthAccountByAuthRole" resultMap="AuthAccount">
		SELECT DISTINCT AuthAccount.* 
		FROM AUTH_ACCOUNT AuthAccount
		INNER JOIN AUTH_AUTHER_ROLE AuthAutherRole  ON  AuthAccount.ID = AuthAutherRole.AUTHER_ID                                      
		INNER JOIN AUTH_ROLE AuthRole               ON  AuthRole.ID    = AuthAutherRole.ROLE_ID                                        

		<where>
           <if test="vo!=null and vo.id != null and vo.id != ''                                     "> AND AuthAccount.ID = #{vo.id,jdbcType=VARCHAR} </if>                                    
           <if test="vo!=null and vo.loginEmail != null and vo.loginEmail != ''                     "> AND AuthAccount.LOGIN_EMAIL LIKE CONCAT('%',#{vo.loginEmail,jdbcType=VARCHAR},'%') </if>
           <if test="vo!=null and vo.loginPasswd != null and vo.loginPasswd != ''                   "> AND AuthAccount.LOGIN_PASSWD = #{vo.loginPasswd,jdbcType=VARCHAR} </if>                 
           <if test="vo!=null and vo.status != null and vo.status != ''                             "> AND AuthAccount.STATUS LIKE CONCAT('%',#{vo.status,jdbcType=VARCHAR},'%') </if>         
           <if test="vo!=null and vo.type != null and vo.type != ''                                 "> AND AuthAccount.TYPE = #{vo.type,jdbcType=VARCHAR} </if>                                
           <if test="vo!=null and vo.userId != null and vo.userId != ''                             "> AND AuthAccount.USER_ID = #{vo.userId,jdbcType=VARCHAR} </if>                           
           <if test="vo!=null and vo.lastLogin != null and vo.lastLogin != ''                       "> AND AuthAccount.LAST_LOGIN = #{vo.lastLogin,jdbcType=VARCHAR} </if>                     
           <if test="vo!=null and vo.loginTryTimes != null and vo.loginTryTimes != ''               "> AND AuthAccount.LOGIN_TRY_TIMES = #{vo.loginTryTimes,jdbcType=INTEGER} </if>            
           <if test="vo!=null and vo.description != null and vo.description != ''                   "> AND AuthAccount.DESCRIPTION = #{vo.description,jdbcType=VARCHAR} </if>                  
           <if test="vo!=null and vo.updateTime != null and vo.updateTime != ''                     "> AND AuthAccount.UPDATE_TIME = #{vo.updateTime,jdbcType=VARCHAR} </if>                   
           <if test="vo!=null and vo.createTime != null and vo.createTime != ''                     "> AND AuthAccount.CREATE_TIME = #{vo.createTime,jdbcType=VARCHAR} </if>                   
           <if test="AuthRole!=null and AuthRole.id != null and AuthRole.id != ''                   "> AND AuthRole.ID = #{AuthRole.id,jdbcType=VARCHAR} </if>                                 
           <if test="AuthRole!=null and AuthRole.name != null and AuthRole.name != ''               "> AND AuthRole.NAME LIKE CONCAT('%',#{AuthRole.name,jdbcType=VARCHAR},'%') </if>          
           <if test="AuthRole!=null and AuthRole.code != null and AuthRole.code != ''               "> AND AuthRole.CODE LIKE CONCAT('%',#{AuthRole.code,jdbcType=VARCHAR},'%') </if>          
           <if test="AuthRole!=null and AuthRole.type1 != null and AuthRole.type1 != ''             "> AND AuthRole.TYPE1 = #{AuthRole.type1,jdbcType=VARCHAR} </if>                           
           <if test="AuthRole!=null and AuthRole.type2 != null and AuthRole.type2 != ''             "> AND AuthRole.TYPE2 = #{AuthRole.type2,jdbcType=VARCHAR} </if>                           
           <if test="AuthRole!=null and AuthRole.status != null and AuthRole.status != ''           "> AND AuthRole.STATUS LIKE CONCAT('%',#{AuthRole.status,jdbcType=VARCHAR},'%') </if>      
           <if test="AuthRole!=null and AuthRole.description != null and AuthRole.description != '' "> AND AuthRole.DESCRIPTION = #{AuthRole.description,jdbcType=VARCHAR} </if>               
           <if test="AuthRole!=null and AuthRole.updateTime != null and AuthRole.updateTime != ''   "> AND AuthRole.UPDATE_TIME = #{AuthRole.updateTime,jdbcType=VARCHAR} </if>                
           <if test="AuthRole!=null and AuthRole.createTime != null and AuthRole.createTime != ''   "> AND AuthRole.CREATE_TIME = #{AuthRole.createTime,jdbcType=VARCHAR} </if>                
           <if test="AuthRole!=null and AuthRole.resourceId != null and AuthRole.resourceId != ''   "> AND AuthRole.RESOURCE_ID = #{AuthRole.resourceId,jdbcType=VARCHAR} </if>                
           <if test="AuthRole!=null and AuthRole.menuId != null and AuthRole.menuId != ''           "> AND AuthRole.MENU_ID = #{AuthRole.menuId,jdbcType=VARCHAR} </if>                        

		</where>
		<bind name="aliasDot" value="'AuthAccount.'"/><include refid="orderBy"/>
	</select>
	 
	<select id="pageFindAuthRoleByAuthAutherRoleMap" resultType="hashmap">
		SELECT 
           AuthRole.ID           AS  id                  ,
           AuthRole.NAME         AS  name                ,
           AuthRole.CODE         AS  code                ,
           AuthRole.TYPE1        AS  type1               ,
           AuthRole.TYPE2        AS  type2               ,
           AuthRole.STATUS       AS  status              ,
           AuthRole.DESCRIPTION  AS  description         ,
           AuthRole.UPDATE_TIME  AS  updateTime          ,
           AuthRole.CREATE_TIME  AS  createTime          

		FROM AUTH_ACCOUNT AuthAccount
		INNER JOIN AUTH_AUTHER_ROLE AuthAutherRole  ON  AuthAccount.ID = AuthAutherRole.AUTHER_ID                                      
		INNER JOIN AUTH_ROLE AuthRole               ON  AuthRole.ID    = AuthAutherRole.ROLE_ID                                        

		<where>
           <if test="vo!=null and vo.id != null and vo.id != ''                       "> AND AuthAccount.ID = #{vo.id,jdbcType=VARCHAR} </if>                      
           <if test="vo!=null and vo.loginEmail != null and vo.loginEmail != ''       "> AND AuthAccount.LOGIN_EMAIL LIKE CONCAT('%',#{vo.loginEmail,jdbcType=VARCHAR},'%') </if>
           <if test="vo!=null and vo.loginPasswd != null and vo.loginPasswd != ''     "> AND AuthAccount.LOGIN_PASSWD = #{vo.loginPasswd,jdbcType=VARCHAR} </if>   
           <if test="vo!=null and vo.status != null and vo.status != ''               "> AND AuthAccount.STATUS LIKE CONCAT('%',#{vo.status,jdbcType=VARCHAR},'%') </if>
           <if test="vo!=null and vo.type != null and vo.type != ''                   "> AND AuthAccount.TYPE = #{vo.type,jdbcType=VARCHAR} </if>                  
           <if test="vo!=null and vo.userId != null and vo.userId != ''               "> AND AuthAccount.USER_ID = #{vo.userId,jdbcType=VARCHAR} </if>             
           <if test="vo!=null and vo.lastLogin != null and vo.lastLogin != ''         "> AND AuthAccount.LAST_LOGIN = #{vo.lastLogin,jdbcType=VARCHAR} </if>       
           <if test="vo!=null and vo.loginTryTimes != null and vo.loginTryTimes != '' "> AND AuthAccount.LOGIN_TRY_TIMES = #{vo.loginTryTimes,jdbcType=INTEGER} </if>
           <if test="vo!=null and vo.description != null and vo.description != ''     "> AND AuthAccount.DESCRIPTION = #{vo.description,jdbcType=VARCHAR} </if>    
           <if test="vo!=null and vo.updateTime != null and vo.updateTime != ''       "> AND AuthAccount.UPDATE_TIME = #{vo.updateTime,jdbcType=VARCHAR} </if>     
           <if test="vo!=null and vo.createTime != null and vo.createTime != ''       "> AND AuthAccount.CREATE_TIME = #{vo.createTime,jdbcType=VARCHAR} </if>     

		</where>
	</select>
	
	<select id="pageFindAuthRoleByAuthRoleMap" resultType="hashmap">
		SELECT 
           AuthRole.ID           AS  id                  ,
           AuthRole.NAME         AS  name                ,
           AuthRole.CODE         AS  code                ,
           AuthRole.TYPE1        AS  type1               ,
           AuthRole.TYPE2        AS  type2               ,
           AuthRole.STATUS       AS  status              ,
           AuthRole.DESCRIPTION  AS  description         ,
           AuthRole.UPDATE_TIME  AS  updateTime          ,
           AuthRole.CREATE_TIME  AS  createTime          

		FROM AUTH_ACCOUNT AuthAccount
		INNER JOIN AUTH_AUTHER_ROLE AuthAutherRole  ON  AuthAccount.ID = AuthAutherRole.AUTHER_ID                                      
		INNER JOIN AUTH_ROLE AuthRole               ON  AuthRole.ID    = AuthAutherRole.ROLE_ID                                        

		<where>
           <if test="vo!=null and vo.id != null and vo.id != ''                                     "> AND AuthAccount.ID = #{vo.id,jdbcType=VARCHAR} </if>                                    
           <if test="vo!=null and vo.loginEmail != null and vo.loginEmail != ''                     "> AND AuthAccount.LOGIN_EMAIL LIKE CONCAT('%',#{vo.loginEmail,jdbcType=VARCHAR},'%') </if>
           <if test="vo!=null and vo.loginPasswd != null and vo.loginPasswd != ''                   "> AND AuthAccount.LOGIN_PASSWD = #{vo.loginPasswd,jdbcType=VARCHAR} </if>                 
           <if test="vo!=null and vo.status != null and vo.status != ''                             "> AND AuthAccount.STATUS LIKE CONCAT('%',#{vo.status,jdbcType=VARCHAR},'%') </if>         
           <if test="vo!=null and vo.type != null and vo.type != ''                                 "> AND AuthAccount.TYPE = #{vo.type,jdbcType=VARCHAR} </if>                                
           <if test="vo!=null and vo.userId != null and vo.userId != ''                             "> AND AuthAccount.USER_ID = #{vo.userId,jdbcType=VARCHAR} </if>                           
           <if test="vo!=null and vo.lastLogin != null and vo.lastLogin != ''                       "> AND AuthAccount.LAST_LOGIN = #{vo.lastLogin,jdbcType=VARCHAR} </if>                     
           <if test="vo!=null and vo.loginTryTimes != null and vo.loginTryTimes != ''               "> AND AuthAccount.LOGIN_TRY_TIMES = #{vo.loginTryTimes,jdbcType=INTEGER} </if>            
           <if test="vo!=null and vo.description != null and vo.description != ''                   "> AND AuthAccount.DESCRIPTION = #{vo.description,jdbcType=VARCHAR} </if>                  
           <if test="vo!=null and vo.updateTime != null and vo.updateTime != ''                     "> AND AuthAccount.UPDATE_TIME = #{vo.updateTime,jdbcType=VARCHAR} </if>                   
           <if test="vo!=null and vo.createTime != null and vo.createTime != ''                     "> AND AuthAccount.CREATE_TIME = #{vo.createTime,jdbcType=VARCHAR} </if>                   
           <if test="AuthRole!=null and AuthRole.id != null and AuthRole.id != ''                   "> AND AuthRole.ID = #{AuthRole.id,jdbcType=VARCHAR} </if>                                 
           <if test="AuthRole!=null and AuthRole.name != null and AuthRole.name != ''               "> AND AuthRole.NAME LIKE CONCAT('%',#{AuthRole.name,jdbcType=VARCHAR},'%') </if>          
           <if test="AuthRole!=null and AuthRole.code != null and AuthRole.code != ''               "> AND AuthRole.CODE LIKE CONCAT('%',#{AuthRole.code,jdbcType=VARCHAR},'%') </if>          
           <if test="AuthRole!=null and AuthRole.type1 != null and AuthRole.type1 != ''             "> AND AuthRole.TYPE1 = #{AuthRole.type1,jdbcType=VARCHAR} </if>                           
           <if test="AuthRole!=null and AuthRole.type2 != null and AuthRole.type2 != ''             "> AND AuthRole.TYPE2 = #{AuthRole.type2,jdbcType=VARCHAR} </if>                           
           <if test="AuthRole!=null and AuthRole.status != null and AuthRole.status != ''           "> AND AuthRole.STATUS LIKE CONCAT('%',#{AuthRole.status,jdbcType=VARCHAR},'%') </if>      
           <if test="AuthRole!=null and AuthRole.description != null and AuthRole.description != '' "> AND AuthRole.DESCRIPTION = #{AuthRole.description,jdbcType=VARCHAR} </if>               
           <if test="AuthRole!=null and AuthRole.updateTime != null and AuthRole.updateTime != ''   "> AND AuthRole.UPDATE_TIME = #{AuthRole.updateTime,jdbcType=VARCHAR} </if>                
           <if test="AuthRole!=null and AuthRole.createTime != null and AuthRole.createTime != ''   "> AND AuthRole.CREATE_TIME = #{AuthRole.createTime,jdbcType=VARCHAR} </if>                
           <if test="AuthRole!=null and AuthRole.resourceId != null and AuthRole.resourceId != ''   "> AND AuthRole.RESOURCE_ID = #{AuthRole.resourceId,jdbcType=VARCHAR} </if>                
           <if test="AuthRole!=null and AuthRole.menuId != null and AuthRole.menuId != ''           "> AND AuthRole.MENU_ID = #{AuthRole.menuId,jdbcType=VARCHAR} </if>                        

		</where>
	</select>
	
	<select id="pageFindAuthAutherRoleMap" resultType="hashmap">
		SELECT 
           AuthAutherRole.ID           AS  id                        ,
           AuthAutherRole.AUTHER_ID    AS  autherId                  ,
           AuthAutherRole.ROLE_ID      AS  roleId                    ,
           AuthAutherRole.TYPE         AS  type                      ,
           AuthAutherRole.CREATE_TIME  AS  createTime                ,
           AuthAutherRole.UPDATE_TIME  AS  updateTime                

		FROM AUTH_ACCOUNT AuthAccount
		INNER JOIN AUTH_AUTHER_ROLE AuthAutherRole  ON  AuthAccount.ID = AuthAutherRole.AUTHER_ID                                      

		<where>
           <if test="vo!=null and vo.id != null and vo.id != ''                       "> AND AuthAccount.ID = #{vo.id,jdbcType=VARCHAR} </if>                      
           <if test="vo!=null and vo.loginEmail != null and vo.loginEmail != ''       "> AND AuthAccount.LOGIN_EMAIL LIKE CONCAT('%',#{vo.loginEmail,jdbcType=VARCHAR},'%') </if>
           <if test="vo!=null and vo.loginPasswd != null and vo.loginPasswd != ''     "> AND AuthAccount.LOGIN_PASSWD = #{vo.loginPasswd,jdbcType=VARCHAR} </if>   
           <if test="vo!=null and vo.status != null and vo.status != ''               "> AND AuthAccount.STATUS LIKE CONCAT('%',#{vo.status,jdbcType=VARCHAR},'%') </if>
           <if test="vo!=null and vo.type != null and vo.type != ''                   "> AND AuthAccount.TYPE = #{vo.type,jdbcType=VARCHAR} </if>                  
           <if test="vo!=null and vo.userId != null and vo.userId != ''               "> AND AuthAccount.USER_ID = #{vo.userId,jdbcType=VARCHAR} </if>             
           <if test="vo!=null and vo.lastLogin != null and vo.lastLogin != ''         "> AND AuthAccount.LAST_LOGIN = #{vo.lastLogin,jdbcType=VARCHAR} </if>       
           <if test="vo!=null and vo.loginTryTimes != null and vo.loginTryTimes != '' "> AND AuthAccount.LOGIN_TRY_TIMES = #{vo.loginTryTimes,jdbcType=INTEGER} </if>
           <if test="vo!=null and vo.description != null and vo.description != ''     "> AND AuthAccount.DESCRIPTION = #{vo.description,jdbcType=VARCHAR} </if>    
           <if test="vo!=null and vo.updateTime != null and vo.updateTime != ''       "> AND AuthAccount.UPDATE_TIME = #{vo.updateTime,jdbcType=VARCHAR} </if>     
           <if test="vo!=null and vo.createTime != null and vo.createTime != ''       "> AND AuthAccount.CREATE_TIME = #{vo.createTime,jdbcType=VARCHAR} </if>     

		</where>
	</select>
	<select id="countAuthAccountByLoginEmail" resultType="java.lang.Long">
		SELECT count(*)
		FROM AUTH_ACCOUNT
		<where>
           LOGIN_EMAIL = #{vo.loginEmail,jdbcType=VARCHAR}                                                           
           <if test="vo!=null and vo.id != null and vo.id != '' "> AND ID &lt;&gt; #{vo.id,jdbcType=VARCHAR}</if>      

		</where>
	</select>
</mapper>
