<?xml version="1.0" encoding="UTF-8"?>
<!DOCTYPE mapper PUBLIC "-//mybatis.org//DTD Mapper 3.0//EN" "http://mybatis.org/dtd/mybatis-3-mapper.dtd">
<mapper namespace="SysExData">
	<resultMap id="SysExData" type="com.foreveross.qdp.domain.system.common.SysExData">
        <id     property="id"          column="ID"/>                        
        <result property="refTable"    column="REF_TABLE"/>                 
        <result property="refId"       column="REF_ID"/>                    
        <result property="colName"     column="COL_NAME"/>                  
        <result property="colValue"    column="COL_VALUE"/>                 
        <result property="description" column="DESCRIPTION"/>               
        <result property="updateTime"  column="UPDATE_TIME"/>               
        <result property="createTime"  column="CREATE_TIME"/>               

	</resultMap>
	<sql id="orderBy">
		<if test="page !=null and page.orderBy!=null">
			<bind name="fieldColMap" value="#{
           'ID'          : 'ID'         ,
           'REFTABLE'    : 'REF_TABLE'  ,
           'REF_TABLE'   : 'REF_TABLE'  ,
           'REFID'       : 'REF_ID'     ,
           'REF_ID'      : 'REF_ID'     ,
           'COLNAME'     : 'COL_NAME'   ,
           'COL_NAME'    : 'COL_NAME'   ,
           'COLVALUE'    : 'COL_VALUE'  ,
           'COL_VALUE'   : 'COL_VALUE'  ,
           'DESCRIPTION' : 'DESCRIPTION',
           'UPDATETIME'  : 'UPDATE_TIME',
           'UPDATE_TIME' : 'UPDATE_TIME',
           'CREATETIME'  : 'CREATE_TIME',
           'CREATE_TIME' : 'CREATE_TIME'

			}"/>
			<bind name="orderMap" value="#{'ASC':'ASC', 'DESC':'DESC'}"/>
			<trim prefix="order by " suffixOverrides=",">
				<foreach item="item" index="index" collection="page.orderBy" separator=",">
					<if test="item != null and item.name !=null and (fieldColMap[item.name.toUpperCase()] != null or orderMap[item.order.toUpperCase()]!=null)">${aliasDot}${fieldColMap[item.name.toUpperCase()]} ${orderMap[item.order.toUpperCase()]}</if>
				</foreach>
			</trim>
		</if>
	</sql>
	<select id="getSysExDataById" parameterType="com.foreveross.qdp.domain.system.common.SysExData" resultMap="SysExData">
		SELECT * 
		FROM SYS_EX_DATA
		<where>
				AND ID = #{id,jdbcType=VARCHAR}
		</where>
	</select>
	<select id="getSysExDataMapById" parameterType="com.foreveross.qdp.domain.system.common.SysExData" resultType="hashmap">
		SELECT 
           SysExData.ID           AS  id                   ,
           SysExData.REF_TABLE    AS  refTable             ,
           SysExData.REF_ID       AS  refId                ,
           SysExData.COL_NAME     AS  colName              ,
           SysExData.COL_VALUE    AS  colValue             ,
           SysExData.DESCRIPTION  AS  description          ,
           SysExData.UPDATE_TIME  AS  updateTime           ,
           SysExData.CREATE_TIME  AS  createTime           

		FROM SYS_EX_DATA SysExData

		<where>
				AND sysExData.ID = #{id,jdbcType=VARCHAR}
		</where>
	</select>
	<select id="pageFindSysExData" resultMap="SysExData">
		SELECT *
		FROM SYS_EX_DATA
		<where>
           <if test="vo!=null and vo.id != null and vo.id != ''                   "> AND ID = #{vo.id,jdbcType=VARCHAR} </if>                              
           <if test="vo!=null and vo.refTable != null and vo.refTable != ''       "> AND REF_TABLE LIKE CONCAT('%',#{vo.refTable,jdbcType=VARCHAR},'%') </if>
           <if test="vo!=null and vo.refId != null and vo.refId != ''             "> AND REF_ID LIKE CONCAT('%',#{vo.refId,jdbcType=VARCHAR},'%') </if>    
           <if test="vo!=null and vo.colName != null and vo.colName != ''         "> AND COL_NAME LIKE CONCAT('%',#{vo.colName,jdbcType=VARCHAR},'%') </if>
           <if test="vo!=null and vo.colValue != null and vo.colValue != ''       "> AND COL_VALUE = #{vo.colValue,jdbcType=VARCHAR} </if>                 
           <if test="vo!=null and vo.description != null and vo.description != '' "> AND DESCRIPTION = #{vo.description,jdbcType=VARCHAR} </if>            
           <if test="vo!=null and vo.updateTime != null and vo.updateTime != ''   "> AND UPDATE_TIME = #{vo.updateTime,jdbcType=VARCHAR} </if>             
           <if test="vo!=null and vo.createTime != null and vo.createTime != ''   "> AND CREATE_TIME = #{vo.createTime,jdbcType=VARCHAR} </if>             

		</where>
		<bind name="aliasDot" value="''"/><include refid="orderBy"/>
	</select>
	<select id="pageFindSysExDataMap" resultType="hashmap">
		SELECT 
           SysExData.ID           AS  id                   ,
           SysExData.REF_TABLE    AS  refTable             ,
           SysExData.REF_ID       AS  refId                ,
           SysExData.COL_NAME     AS  colName              ,
           SysExData.COL_VALUE    AS  colValue             ,
           SysExData.DESCRIPTION  AS  description          ,
           SysExData.UPDATE_TIME  AS  updateTime           ,
           SysExData.CREATE_TIME  AS  createTime           

		FROM SYS_EX_DATA SysExData

		<where>
           <if test="vo!=null and vo.id != null and vo.id != ''                   "> AND SysExData.ID = #{vo.id,jdbcType=VARCHAR} </if>                    
           <if test="vo!=null and vo.refTable != null and vo.refTable != ''       "> AND SysExData.REF_TABLE LIKE CONCAT('%',#{vo.refTable,jdbcType=VARCHAR},'%') </if>
           <if test="vo!=null and vo.refId != null and vo.refId != ''             "> AND SysExData.REF_ID LIKE CONCAT('%',#{vo.refId,jdbcType=VARCHAR},'%') </if>
           <if test="vo!=null and vo.colName != null and vo.colName != ''         "> AND SysExData.COL_NAME LIKE CONCAT('%',#{vo.colName,jdbcType=VARCHAR},'%') </if>
           <if test="vo!=null and vo.colValue != null and vo.colValue != ''       "> AND SysExData.COL_VALUE = #{vo.colValue,jdbcType=VARCHAR} </if>       
           <if test="vo!=null and vo.description != null and vo.description != '' "> AND SysExData.DESCRIPTION = #{vo.description,jdbcType=VARCHAR} </if>  
           <if test="vo!=null and vo.updateTime != null and vo.updateTime != ''   "> AND SysExData.UPDATE_TIME = #{vo.updateTime,jdbcType=VARCHAR} </if>   
           <if test="vo!=null and vo.createTime != null and vo.createTime != ''   "> AND SysExData.CREATE_TIME = #{vo.createTime,jdbcType=VARCHAR} </if>   

		</where>
		<bind name="aliasDot" value="'SysExData.'"/><include refid="orderBy"/>
	</select>
	<insert id="insertSysExData" parameterType="com.foreveross.qdp.domain.system.common.SysExData"  useGeneratedKeys="true" keyProperty="id" >
		INSERT INTO SYS_EX_DATA
			( ID, REF_TABLE, REF_ID, COL_NAME, COL_VALUE, DESCRIPTION, UPDATE_TIME, CREATE_TIME )
		VALUES
			(
           #{id,jdbcType=VARCHAR},
           #{refTable,jdbcType=VARCHAR},
           #{refId,jdbcType=VARCHAR},
           #{colName,jdbcType=VARCHAR},
           #{colValue,jdbcType=VARCHAR},
           #{description,jdbcType=VARCHAR},
           #{updateTime,jdbcType=VARCHAR},
           #{createTime,jdbcType=VARCHAR}

			)
	</insert>
	<update id="updateSysExData" parameterType="com.foreveross.qdp.domain.system.common.SysExData">
		UPDATE SYS_EX_DATA
		<set>
           <if test="id != null         "> ID = #{id,jdbcType=VARCHAR},</if>
           <if test="refTable != null   "> REF_TABLE = #{refTable,jdbcType=VARCHAR},</if>
           <if test="refId != null      "> REF_ID = #{refId,jdbcType=VARCHAR},</if>
           <if test="colName != null    "> COL_NAME = #{colName,jdbcType=VARCHAR},</if>
           COL_VALUE = #{colValue,jdbcType=VARCHAR},                              
           DESCRIPTION = #{description,jdbcType=VARCHAR},                              
           <if test="updateTime != null "> UPDATE_TIME = #{updateTime,jdbcType=VARCHAR},</if>
           <if test="createTime != null "> CREATE_TIME = #{createTime,jdbcType=VARCHAR},</if>

		</set>
		<where>
				AND ID = #{id,jdbcType=VARCHAR}
		</where>
	</update>
	<delete id="deleteSysExData" parameterType="com.foreveross.qdp.domain.system.common.SysExData">
		DELETE FROM SYS_EX_DATA
		<where>
				AND ID = #{id,jdbcType=VARCHAR}
		</where>
	</delete>
</mapper>
