<beans xmlns="http://www.springframework.org/schema/beans"
	xmlns:xsi="http://www.w3.org/2001/XMLSchema-instance" xmlns:http="http://cxf.apache.org/transports/http/configuration"
	xmlns:util="http://www.springframework.org/schema/util" xmlns:jaxrs="http://cxf.apache.org/jaxrs"
	xmlns:cxf="http://cxf.apache.org/core"
	xsi:schemaLocation="
	http://www.springframework.org/schema/beans 
	http://www.springframework.org/schema/beans/spring-beans-3.2.xsd 
	http://www.springframework.org/schema/util 
	http://www.springframework.org/schema/util/spring-util-3.2.xsd
	http://cxf.apache.org/transports/http/configuration 
	http://cxf.apache.org/schemas/configuration/http-conf.xsd
	http://cxf.apache.org/jaxrs
	http://cxf.apache.org/schemas/jaxrs.xsd
	http://cxf.apache.org/core
	http://cxf.apache.org/schemas/core.xsd"
	default-autowire="byName">

	<!-- all application configure should configure in this file -->

	<import resource="classpath:META-INF/cxf/cxf.xml" />
	<import resource="classpath:META-INF/cxf/cxf-servlet.xml" />

	<bean id="jsonProvider" class="org.iff.infra.util.jaxrs.gson.GsonProvider" />
	<bean id="jsonParamProvider" class="org.iff.infra.util.jaxrs.GsonParamConverterAndProvider" />

	<cxf:bus id="cxf">
		<cxf:features>
			<bean class="org.apache.cxf.transport.common.gzip.GZIPFeature" />
		</cxf:features>
	</cxf:bus>

	<http:conduit name="*.http-conduit">
		<http:client AllowChunking="false" />
	</http:conduit>

	<import resource="classpath*:META-INF/spring-rs/*-webservice-cxf.xml" />
	<import resource="classpath*:META-INF/spring-ws/*-webservice-cxf.xml" />
</beans>