<?xml version="1.0" encoding="UTF-8"?>
<beans xmlns="http://www.springframework.org/schema/beans"
	xmlns:xsi="http://www.w3.org/2001/XMLSchema-instance" xmlns:context="http://www.springframework.org/schema/context"
	xmlns:tx="http://www.springframework.org/schema/tx" xmlns:p="http://www.springframework.org/schema/p"
	xmlns:mvc="http://www.springframework.org/schema/mvc" xmlns:util="http://www.springframework.org/schema/util"
	xsi:schemaLocation="http://www.springframework.org/schema/mvc http://www.springframework.org/schema/mvc/spring-mvc-3.2.xsd
		http://www.springframework.org/schema/beans http://www.springframework.org/schema/beans/spring-beans-3.2.xsd
		http://www.springframework.org/schema/util http://www.springframework.org/schema/util/spring-util-3.2.xsd
		http://www.springframework.org/schema/tx http://www.springframework.org/schema/tx/spring-tx-3.2.xsd
		http://www.springframework.org/schema/context http://www.springframework.org/schema/context/spring-context-3.2.xsd">

	<context:component-scan base-package="com.foreveross.qdp,com.foreveross.common,com.foreveross.extension">
		<context:include-filter type="annotation" expression="org.springframework.stereotype.Controller" />
		<context:exclude-filter type="annotation" expression="javax.inject.Named" />
		<context:exclude-filter type="annotation" expression="javax.inject.Inject" />
	</context:component-scan>
	<!-- MVC -->
	<mvc:default-servlet-handler />
	<mvc:annotation-driven />
	
	<!-- 设置order="-100"，确保资源过滤跑在com.foreveross.common.web.CustomUrlFilenameViewController前面 -->
	<mvc:resources mapping="/resource/**" location="/resource/" order="-100"/>
	<!-- 如果要启用webservice不经过shiro认证，可以开启下面配置
	<mvc:resources mapping="/webservice/**" location="/webservice/" order="-100"/>
	-->

	<bean id="multipartResolver" class="org.springframework.web.multipart.commons.CommonsMultipartResolver" />

	<!-- <bean name="/**/*.htm" class="com.foreveross.common.web.CustomUrlFilenameViewController"/> -->

	<bean class="org.springframework.web.servlet.mvc.annotation.AnnotationMethodHandlerAdapter">
		<property name="messageConverters">
			<util:list id="beanList">
				<ref bean="mappingJacksonHttpMessageConverter" />
			</util:list>
		</property>
	</bean>

	<bean id="mappingJacksonHttpMessageConverter" class="org.springframework.http.converter.json.MappingJackson2HttpMessageConverter">
		<property name="supportedMediaTypes">
			<list>
				<value>text/html;charset=UTF-8</value>
			</list>
		</property>
	</bean>

	<bean id="exceptionResolver" class="com.foreveross.common.util.SimpleMappingExceptionResolver">
		<property name="defaultErrorView" value="exception" />
		<property name="exceptionMappings">
			<props>
				<prop key="java.lang.Throwable">/common/accessDeny</prop>
			</props>
		</property>
	</bean>

	<bean id="customConfiguration" class="org.iff.infra.util.freemarker.ExFreeMarkerConfiguration">
		<property name="models">
			<list>
				<value>org.iff.infra.util.freemarker.model.BeanMethod</value>
				<value>org.iff.infra.util.freemarker.model.CssDirective</value>
				<value>org.iff.infra.util.freemarker.model.FileWriterDirective</value>
				<value>org.iff.infra.util.freemarker.model.FillObjectMethod</value>
				<value>org.iff.infra.util.freemarker.model.GroovyDirective</value>
				<value>org.iff.infra.util.freemarker.model.HelperMethod</value>
				<value>org.iff.infra.util.freemarker.model.JsDirective</value>
				<value>org.iff.infra.util.freemarker.model.MvelDirective</value>
				<value>org.iff.infra.util.freemarker.model.HasPermitMethod</value>
				<value>org.iff.infra.util.freemarker.model.HasRoleMethod</value>
				<value>org.iff.infra.util.freemarker.model.I18nMethod</value>
			</list>
		</property>
	</bean>

	<bean id="freemarkerConfigurer" class="org.iff.infra.util.freemarker.SpringFreeMarkerConfigurer">
		<property name="customConfiguration" ref="customConfiguration" />
		<property name="templateLoaderPath" value="/WEB-INF/pages/" />
		<property name="defaultEncoding" value="UTF-8" />
		<property name="freemarkerSettings">
			<props>
				<prop key="template_exception_handler">rethrow</prop>
				<prop key="template_update_delay">10</prop>
				<prop key="locale">zh_CN</prop>
				<prop key="date_format">yyyy-MM-dd</prop>
				<prop key="datetime_format">yyyy-MM-dd HH:mm:ss</prop>
			</props>
		</property>
	</bean>

	<bean id="viewResolver" class="org.springframework.web.servlet.view.freemarker.FreeMarkerViewResolver">
		<property name="viewClass" value="com.foreveross.common.web.SpringFreeMarkerView" />
		<property name="suffix" value=".htm" />
		<property name="contentType" value="text/html;charset=UTF-8" />
		<property name="exposeRequestAttributes" value="true" />
		<property name="exposeSessionAttributes" value="true" />
		<property name="exposeSpringMacroHelpers" value="true" />
		<property name="requestContextAttribute" value="requestContext" />
	</bean>

	<!-- <bean class="org.springframework.web.servlet.view.InternalResourceViewResolver"> 
		<property name="order" value="2" /> <property name="prefix" value="/pages/" 
		/> <property name="suffix" value=".jsp" /> <property name="viewClass" value="org.springframework.web.servlet.view.JstlView" 
		/> </bean> -->
</beans>