<?xml version="1.0" encoding="UTF-8"?>
<beans xmlns="http://www.springframework.org/schema/beans"
	xmlns:xsi="http://www.w3.org/2001/XMLSchema-instance" xmlns:util="http://www.springframework.org/schema/util"
	xsi:schemaLocation="http://www.springframework.org/schema/beans 
	http://www.springframework.org/schema/beans/spring-beans-3.2.xsd  
    http://www.springframework.org/schema/util 
    http://www.springframework.org/schema/util/spring-util-3.2.xsd">

	<description>ehCache 配置</description>
	
	<!-- 引用ehCache的配置 -->
	<bean id="cacheManager" class="org.springframework.cache.ehcache.EhCacheManagerFactoryBean">
		<property name="configLocation" value="classpath:ehcache.xml" />
		<property name="shared" value="true"/>
	</bean>
	<!-- 定义ehCache的工厂，并设置所使用的Cache name -->
	<bean id="ehCache" class="org.springframework.cache.ehcache.EhCacheFactoryBean">
		<property name="cacheName" value="DEFAULT_CACHE" />
		<property name="cacheManager" ref="cacheManager" />
	</bean>
</beans>